3xKroj82y4BA1vSG7FHMLvEEdnp8GPWT8EVtSpE5BAgbX5FPsn,b9103aef5f8953cbfd2d4fb992389f202925e3bbea8f18d827e541956074934a
3dTqDeU2uxkbrX1FxUBgQwxRay8WJb57URVd73qAMXCVDYBwmt,40b8dd65944610ec90bfa1c75b9ec7833b38890f7a78933a1dd54a7aef56eb11
3xKroj82y4BA1vSG7FHMLvEEdnp8GPWT8EVtSpE5BAgbX5FPsn,668e461dba9a405aed23848ebbd5709548b2590322c17972a290ddf993b52446
3jN6VVAsAWVwgZJ5EvyDWc33htgVhjFqcnoj38tAr3quXGYwfS,1156a831fe41fe8ba8173576cd3c45da6253e23fb048c1cb24630fdff6137813
3xKroj82y4BA1vSG7FHMLvEEdnp8GPWT8EVtSpE5BAgbX5FPsn,0967073471d4f73e3331a07b2391ecbcfff96c09126e01fd438938bffc8a135f
3qu1AmJmQ9pJXLLrr4C83uB5A8b5H8tuxdf3ic12ka2zdzwXNs,8b83f18d5ff6bcd9427f37db222402655b432d0789feed43bdc91bf2499da8f1
3xKroj82y4BA1vSG7FHMLvEEdnp8GPWT8EVtSpE5BAgbX5FPsn,178fa3c83bf26196d3c9624a3c71a058d8118dbf3b6448ba1556a1ec9aec1ea6
3qu1AmJmQ9pJXLLrr4C83uB5A8b5H8tuxdf3ic12ka2zdzwXNs,4a5a6d335d42c80316d8d3a81b77ac58b2bd98add45fafe177cea9e30181186e
3qu1AmJmQ9pJXLLrr4C83uB5A8b5H8tuxdf3ic12ka2zdzwXNs,854eaf83d961f301c0fb9dcf9cf97290628d1776323e5bebb9e8c8a8d5c631aa
3jN6VVAsAWVwgZJ5EvyDWc33htgVhjFqcnoj38tAr3quXGYwfS,2f478042ca326616ee70569bdc0d198ff7fbf19968958403e0cc102e175f926b
3jN6VVAsAWVwgZJ5EvyDWc33htgVhjFqcnoj38tAr3quXGYwfS,b9b0e5751468668aeacc9014dfc39bd6fe7a8ce0184c7d78568798c74d52cb10
3qu1AmJmQ9pJXLLrr4C83uB5A8b5H8tuxdf3ic12ka2zdzwXNs,e81e8978a1b45392c4b98c59b5f2ce9517e2f9e8f5f760d83a7883184ee1864a
3qu1AmJmQ9pJXLLrr4C83uB5A8b5H8tuxdf3ic12ka2zdzwXNs,5834b9c483e7e6558f284a9df5386488ce4e10e592b4b05201ea5c0a78991098
3jN6VVAsAWVwgZJ5EvyDWc33htgVhjFqcnoj38tAr3quXGYwfS,f5bd3a5931c87fafa35722cce25ed9bde2ada24a54dff25b98cacd0b39d875e6
3jN6VVAsAWVwgZJ5EvyDWc33htgVhjFqcnoj38tAr3quXGYwfS,cd5ae17c682d83c0c5305f903f58104b3c9fb4094044aebad4ec3a0e7f038d32
4c7goyyukBh2wFuc94SWvCo8XXkmTt761ty9tvLhPhrKAVn39v,378881101de9cbc9ec7bcf6458e4fdf66f55227628273b2e9021b7ca68640617
3xKroj82y4BA1vSG7FHMLvEEdnp8GPWT8EVtSpE5BAgbX5FPsn,4d8b2655aff33ac0a8e8cd15dd755b619e34e7a8cd89d13fae2be142ff79b099
3qu1AmJmQ9pJXLLrr4C83uB5A8b5H8tuxdf3ic12ka2zdzwXNs,8fbbf9b946c766916770afba0f03673efd3c590190538b037dbc71dd12217b13
3BtQiJ1sNad8cp5JLdBrjuRYkoX6A8fanzHpoSshKEX6ghAWwi,37e2cfd9a3f656d3a9bccb720623699fb99d7e5e19e0cd4f6fc3a86471dbbfce
4c7goyyukBh2wFuc94SWvCo8XXkmTt761ty9tvLhPhrKAVn39v,23b4bdb318512d17a6903737a9d694c032a9cf927de8c60f988ed78b29d4bd2e
3BtQiJ1sNad8cp5JLdBrjuRYkoX6A8fanzHpoSshKEX6ghAWwi,615e83ed4e231f53566d3fed7b75e25dca15f859d74755a0c1155aed01032a64
3jN6VVAsAWVwgZJ5EvyDWc33htgVhjFqcnoj38tAr3quXGYwfS,ce49240cc1fce77c607f8cff5a976ac7d717bb38efee8cd434322ff384c3f847
2xd7NynKWrk8XVsYK3EWGxijC61PZgT4jSWidGNzaHwhqHaLfv,35ce76adaf51550ace5fb832b53a3b601284e954311ff29f2ca2c35009d7b0fa
4c7goyyukBh2wFuc94SWvCo8XXkmTt761ty9tvLhPhrKAVn39v,606ca7f2a9b2f5ba4ba51f5e480da392fc2fe9746c2c372d5449d778b2cc929b
4c7goyyukBh2wFuc94SWvCo8XXkmTt761ty9tvLhPhrKAVn39v,80ddde72a8f096939f395ef8f764addbf6a427ad1f729d75c3539cb669b3a521
2xx5JEET91KuGvhvX3vfjB9sF8n9N1f8t323vWfy3vAFG5SXsx,2d3fc8ea5e496dc25a8100882b65001af2cfdfe1572463b9bfb62af3d3ee19b7
2xd7NynKWrk8XVsYK3EWGxijC61PZgT4jSWidGNzaHwhqHaLfv,94f881980dfa37f5866391c17862f7e6d91934f9fd271f0e874f8db707f816d2
3YfqHnKPKcz2MVDCJ8gMXcsKegnupfF6nZoQVRoW836sCqyHPY,ebe59a382aa6b85ae33f78e94764ba464d9d07f9f90a48228636e5d5678b6cd0
3xKroj82y4BA1vSG7FHMLvEEdnp8GPWT8EVtSpE5BAgbX5FPsn,9620b1569802f48c4427d0b9b45d0d43cf48ee9a5643c83a90021a36cb608ff5
3jN6VVAsAWVwgZJ5EvyDWc33htgVhjFqcnoj38tAr3quXGYwfS,051645ebba09f6c614803e0487fd80496ae5fc89633866a57d9acdaea26dcdc9
3qu1AmJmQ9pJXLLrr4C83uB5A8b5H8tuxdf3ic12ka2zdzwXNs,4bd5b15f55b2a431726f7ec5a5a9f8cbb30ece44111ffb5db38e7b86935b7fe4
3xKroj82y4BA1vSG7FHMLvEEdnp8GPWT8EVtSpE5BAgbX5FPsn,db87b5ff95c46e2589c1d7100a2cbbc1a5a6844bd11bc8f3dda45baf8b2f80f0
3jN6VVAsAWVwgZJ5EvyDWc33htgVhjFqcnoj38tAr3quXGYwfS,a9369a5de369cce2db027a8eae936129729cb3744f2f190e47c2072a6068cf20
3xKroj82y4BA1vSG7FHMLvEEdnp8GPWT8EVtSpE5BAgbX5FPsn,ff655528491af0dedc01158c8a75492c5e3aaa0848ef6232e1bc6269bf22e23c
3xKroj82y4BA1vSG7FHMLvEEdnp8GPWT8EVtSpE5BAgbX5FPsn,db64db49ec197686809b9690576013221a20147303b2647531602dd7d3abdc56
3xKroj82y4BA1vSG7FHMLvEEdnp8GPWT8EVtSpE5BAgbX5FPsn,f07efedecf2e883e76f27e47f560c23276a448d2e3351253c18e73699bf3dda0
3xKroj82y4BA1vSG7FHMLvEEdnp8GPWT8EVtSpE5BAgbX5FPsn,ec16fe581150499a4d43a909694a79f46ddcba4ad0c1f427e06d4e053a2a5796
3xKroj82y4BA1vSG7FHMLvEEdnp8GPWT8EVtSpE5BAgbX5FPsn,d3194f0071c2cf7fb4996e7b2fa28d0ecf5dbd19f0e84e4880aa32c9d5534ff1
2xd7NynKWrk8XVsYK3EWGxijC61PZgT4jSWidGNzaHwhqHaLfv,d7b2f5c55d15856e5240c139a76e1f0d3d186ea69204dfec56eebbcdbd123059
3tj3TY42u1fobYKvZd6drLniMFbLbpU3eUkCMCNt3oMhQGu3pv,1c96c83a00ec1ff6c60ee5c8a0afe784131d07f8c7a7d87f30e5f761c3605feb
3xKroj82y4BA1vSG7FHMLvEEdnp8GPWT8EVtSpE5BAgbX5FPsn,a9f5e63ede8a5213faf7c5a91d9037081b2df68f5884b9db3c0a3ff06c4aa77b
3tj3TY42u1fobYKvZd6drLniMFbLbpU3eUkCMCNt3oMhQGu3pv,297d45adf06237bba405983c7dc2bb3ed4bde408b77bf674bc46bc1d44ee93dd
3xKroj82y4BA1vSG7FHMLvEEdnp8GPWT8EVtSpE5BAgbX5FPsn,4c1e4918840dd6ec81cda0f779a4f6280d0cb7c8c05ce2b8cb94976d91b60609
3jN6VVAsAWVwgZJ5EvyDWc33htgVhjFqcnoj38tAr3quXGYwfS,0c3be8e7497886da8db3f95694f67807450a02805b07bc05f210f271d74bdaf1
4c7goyyukBh2wFuc94SWvCo8XXkmTt761ty9tvLhPhrKAVn39v,1e0798f6b66b0974db7d2eaa762be2df3fd3b1df859899f9a20df1ccb162e51f
4c7goyyukBh2wFuc94SWvCo8XXkmTt761ty9tvLhPhrKAVn39v,0324e5bf8f0d1274e0fe9c95eda7f9703af350dbb8a1a0e6e806b721eee26639
3xKroj82y4BA1vSG7FHMLvEEdnp8GPWT8EVtSpE5BAgbX5FPsn,977c66ec7962a1f3d7723172e894ad073f6c4c45765007c5c86995951c78a644
4NL64fFpYWZ1b3953NK48ueBge7FvNwrkPr13cgGLvDcSdEWp4,c144d97628cd823c0dce407b99ac0b4cf909a3e136c47aa7c24eac254f7f840d
4c7goyyukBh2wFuc94SWvCo8XXkmTt761ty9tvLhPhrKAVn39v,19065a784eac64725b7559027467971f24c0d3bf07f4b17801b700200a64deb3
3xKroj82y4BA1vSG7FHMLvEEdnp8GPWT8EVtSpE5BAgbX5FPsn,c5e6621740eabc729e3750fc5d8827b3748a349445b93c873808c7f1bd51da24
3rpXdcyM19TagHxqS5e1eg7xGnxRx5eoGRcxTVKskJnYpzh7cL,af2bcd1973d8e740c70289dd7b5c9d6f54f704949caf8b390acac4342733bba7
3xKroj82y4BA1vSG7FHMLvEEdnp8GPWT8EVtSpE5BAgbX5FPsn,458a590aa3cceeb9be37436eff881eaed8bacf42f4d6e89d9d44e38b8c88c7ea
3rpXdcyM19TagHxqS5e1eg7xGnxRx5eoGRcxTVKskJnYpzh7cL,997c6f4208fb435e60151fb5ee933ed2fa89c561e4f02f3fa12848c254d7c396
3rpXdcyM19TagHxqS5e1eg7xGnxRx5eoGRcxTVKskJnYpzh7cL,0da8bb9f209958442aab8e1a3886e4cd3125ae6bb8eac1fa5a164003183142ed
3jN6VVAsAWVwgZJ5EvyDWc33htgVhjFqcnoj38tAr3quXGYwfS,2025c97b2bcf8a26c002344d20a5f5dd2e6c075258d9889d22a4a3963154da37
3qu1AmJmQ9pJXLLrr4C83uB5A8b5H8tuxdf3ic12ka2zdzwXNs,b3e28c7f3bfd30fd7b4d466054157caa45b39073b4e61677b09450716c0e1d77
4NL64fFpYWZ1b3953NK48ueBge7FvNwrkPr13cgGLvDcSdEWp4,5710f9663b3a57f09d66d0bbda858519b9efd910d14e19e903d528dd6b74c13d
4NL64fFpYWZ1b3953NK48ueBge7FvNwrkPr13cgGLvDcSdEWp4,1a67054158899743cb92c9c4b134cf13d4bcc69cf45eb382df1d7c733554c53b
3dTqDeU2uxkbrX1FxUBgQwxRay8WJb57URVd73qAMXCVDYBwmt,1e507340dd98066f781d061096a8cc8ce62176a6d0de37471e8499a855025b65
4c7goyyukBh2wFuc94SWvCo8XXkmTt761ty9tvLhPhrKAVn39v,f465653be100771f3daba8e4893edcbc52513c644579a98243e2be853c231928
3H3yThSY42w6T7L4Hdry4kqY5PxfECLtuVJjx6Wir1vVvQeKNS,95efb9d006c1c1778cb9684689c7d31b3951d7405f27e58908a44f995c096a12
3XJSAF4fH6csesscLPYW9gQQbS7Fv9zVeeC1hwo8kkwRXwi8iX,d85ff785528b5493f2b9bedb6aaf9371a3500c9509b059d0f6624751fc810afe
3XJSAF4fH6csesscLPYW9gQQbS7Fv9zVeeC1hwo8kkwRXwi8iX,d6c7b98f66aa35a075dbd25f555f386effd221d011706ea16cd7b1ce79d6cbae
3H3yThSY42w6T7L4Hdry4kqY5PxfECLtuVJjx6Wir1vVvQeKNS,fa527206a7cbf409810f77a5e42d95687ac9765fdcdb6f9ae524249f55347d82
4rJXeHBUJwoqRQQvS3fW9tJy9iSJDmQoV7829uX29Cwgm9NNrc,07524ec359f9303693d381bb5632c163f07b427caa34e40290a7254072f46d3c
3iZVPmcZLomKLdunJsrTmZ98xoqNWfVENcgCDzZ48JMvqrcSdV,a82e0a66b094e8fa301b69a9e2e7aedecdc84710bc70d47df4c5b03837f1e35d
3H3yThSY42w6T7L4Hdry4kqY5PxfECLtuVJjx6Wir1vVvQeKNS,1a345db45375ebdb51eccfe5ae79dccb71ea89678af0cb3638e1bb42af491d8d
2xT9pFPc1RobNyz2JkzyP3oDBQSa7ptigK2gyZuS323khocyLJ,4f4227052dbc9cb8f64d4df5fa85809053e36e80b6263ced304ec857cb9a4e47
3H3yThSY42w6T7L4Hdry4kqY5PxfECLtuVJjx6Wir1vVvQeKNS,40ce7f8f3dbe68e8349a1856da5c37f0078392acf313b4070fc464aad1447318
3XJSAF4fH6csesscLPYW9gQQbS7Fv9zVeeC1hwo8kkwRXwi8iX,80cad5e660059476a5bba361e38f78fc78130f057330a99706a7e1fb8c49a74a
4V7Go1bMmMaGJ5BNND8CWtKvtPWVAjGTiSjpdxUpTwpkBtvSuM,2638cb562020d49eab5b16104566d0ec1f56bcd4dc51f7cbaaf9b6eb58c238f2
3syvqLZTHEsKKpfNSvx96fUFXsWXb6MdScXqx34X2B9Yr6f2dN,ad79afe790f8d768d3e5213388445d40852545bc00f27e63ec36091be1b32779
3H3yThSY42w6T7L4Hdry4kqY5PxfECLtuVJjx6Wir1vVvQeKNS,7cbe4a72f837f7911ba0587ee44ab0d9e7f79ff88b24f00df225df829d79851c
3XJSAF4fH6csesscLPYW9gQQbS7Fv9zVeeC1hwo8kkwRXwi8iX,aac961a660401df4c0d3d8e8f30dbfa20d1366b436813bf27af5aa38defbd359
49HsifoFPMGtsYiAQW2RppQcnQsLm8hVeksaA8XBCPg8ttaTCa,d2c79111f0369f795a7bc9740d9fb8a3acbd73075a630aa1f2cf56d8c75a9b34
3H3yThSY42w6T7L4Hdry4kqY5PxfECLtuVJjx6Wir1vVvQeKNS,e377cb0a6e6ffc74da2c87bb009680e991d9de04379f6cbf910279bf9a845dd7
2xT9pFPc1RobNyz2JkzyP3oDBQSa7ptigK2gyZuS323khocyLJ,24befcb933223aec29c139cf9e303910c82397c1a14f0908ad33f8cf54bce987
2xT9pFPc1RobNyz2JkzyP3oDBQSa7ptigK2gyZuS323khocyLJ,8fabdacae4d20d8420c5b848f2098f39a3827af7a19dda06a7a329c19f79c1fc
3H3yThSY42w6T7L4Hdry4kqY5PxfECLtuVJjx6Wir1vVvQeKNS,1b3d1c1307417f96ff47fcd3ea620acaa9bf94b7f2670c9b96127c860ee41d69
4axo1diiNuVgFYcDRYH8u27XQTCB5aTF6asrojqFf5J8DLrDmL,bc262a425744a72580b86978442483ff922e6c06ae72721564ce9c817e0778e0
3syvqLZTHEsKKpfNSvx96fUFXsWXb6MdScXqx34X2B9Yr6f2dN,86a2c25501c9fa3cbd3a28ec2cf210face7b987186b71b2d690c6fbb0c540e10
3jN6VVAsAWVwgZJ5EvyDWc33htgVhjFqcnoj38tAr3quXGYwfS,60779b27095d37eb31586e05abd52745fc1a6b4191ca41be6d5a78bc1aad9bc7
3XJSAF4fH6csesscLPYW9gQQbS7Fv9zVeeC1hwo8kkwRXwi8iX,9b7cbc5f49bf4572eb2d7cde19bbbbef7805d7247f4a841d383efdbd572e93f7
2xT9pFPc1RobNyz2JkzyP3oDBQSa7ptigK2gyZuS323khocyLJ,eb3c2f9f9c749ec1d162725663d691e1784978cff7660de1b7df9623ba01b9a6
3mQJ5AmBrd8tEmoHimahhCWqQZxQrKwNNtBygbbtGk3uDNk8YD,a009de2d740feb73e62b832484cfeb50f0c1ee1446069b82faf21117f6f8876f
3mQJ5AmBrd8tEmoHimahhCWqQZxQrKwNNtBygbbtGk3uDNk8YD,4f9016caa2d7a9d2f852bac18eb8e8f0c6309ed27e4e187bb3df93be13e11baa
4qxVstJqsmkz2UPBc7DThF4wsMGfsA387sjc9Aqh76XdsceD3q,6978af1f1faba9f0b3b6774f1283a95e4be60507520636510fa949735a2974fe
2xx5JEET91KuGvhvX3vfjB9sF8n9N1f8t323vWfy3vAFG5SXsx,3ed468adad248f72d8b23713fbd7c32d6f3d3aa3aee8ac33a915c95a62503e4e
3xKroj82y4BA1vSG7FHMLvEEdnp8GPWT8EVtSpE5BAgbX5FPsn,a1cda167184c285838e2757c8cb861e0621ea29d40e0b2967dcbc84dfd5d6323
3mQJ5AmBrd8tEmoHimahhCWqQZxQrKwNNtBygbbtGk3uDNk8YD,e633b08fcf28beb14082b6a6c6df8e43ec789fe841551c1bdb4fbbbeade400fb
2xd7NynKWrk8XVsYK3EWGxijC61PZgT4jSWidGNzaHwhqHaLfv,333425fefc8da99be265f1e39d4e082ea75d1806a4eb1d0e2ce4ccf712ae085c
4tEr975ofbkbYw6WFUKDkkHqsBY9nKDpAazSbS6YfkGGp4BpZj,38756f1b939935275f0fe5a9b6566536e5cd1dd2394f7cd9c333dc8085173a55
3mQJ5AmBrd8tEmoHimahhCWqQZxQrKwNNtBygbbtGk3uDNk8YD,73be05c335351d968bec8cc2cb5fd61dae9948b652a5695ec2c4171250a8eb59
3mQJ5AmBrd8tEmoHimahhCWqQZxQrKwNNtBygbbtGk3uDNk8YD,7fd0fe580b550501109a9362e311230d8088e43cad001b62ad57ee09d4eff5fb
3mQJ5AmBrd8tEmoHimahhCWqQZxQrKwNNtBygbbtGk3uDNk8YD,df4c911ab52c63f5f9521d35670d262e259c81405d4272419839630e2c48aba5
3mQJ5AmBrd8tEmoHimahhCWqQZxQrKwNNtBygbbtGk3uDNk8YD,8cbedf0032c28ec214bdf7f3a105941d1d206e475a61062e00fce68baf982677
3mQJ5AmBrd8tEmoHimahhCWqQZxQrKwNNtBygbbtGk3uDNk8YD,0449038f0877e7f3ae4224586b78b4c933537f6d72125ce9d338cfd493f6ef3b
3mQJ5AmBrd8tEmoHimahhCWqQZxQrKwNNtBygbbtGk3uDNk8YD,4be20facfacc64ee2fe44966509fa8304af7e0ace1f3a1bbe25cc3efc9a9ae7f
4qxVstJqsmkz2UPBc7DThF4wsMGfsA387sjc9Aqh76XdsceD3q,1fd452b24db0e9cc4ffe39abbd1ea7791f3114d9a215fc9cd6d8bcb3df5158d3
2xx5JEET91KuGvhvX3vfjB9sF8n9N1f8t323vWfy3vAFG5SXsx,f99831b4a992d6972a971e82382f782511494eab082916c6e7ec701ef10a4e53
3mQJ5AmBrd8tEmoHimahhCWqQZxQrKwNNtBygbbtGk3uDNk8YD,473e5c08c1658327e9b47f27df08d1fe724f8c3b94c14c72531f4c7b26d062ef
3mQJ5AmBrd8tEmoHimahhCWqQZxQrKwNNtBygbbtGk3uDNk8YD,959613c27d7344771e9d17eff9ff383bdf7abdf8ac9f869d7a3a0e86bb3063f5
42BGfwd8RR3U3aTQkc1DnrK3CTypWjKcPBCvXVWz8JvAMaGg2t,c6ad33159e2a5ff65f422d55d36689644122a715ea8c5640388499f2ae944b74
3mQJ5AmBrd8tEmoHimahhCWqQZxQrKwNNtBygbbtGk3uDNk8YD,9a7c3d2fe746b8190ce99a82d1d5259ff64a7f61ae7623c352c7b0a161addc66
46d6eVqegzerPG96npkTPakw2qKr74RpFDYGpWx1BbxgCUEUVX,790de741e321e59f7dc84b17ca9c6fe5b2f5d5a4a5caa24f35830f11aeb02745
3mQJ5AmBrd8tEmoHimahhCWqQZxQrKwNNtBygbbtGk3uDNk8YD,775dd35c798a3e24ae3366a957c13c5b09a3e7ff706283448557bf049c8ba04b
46d6eVqegzerPG96npkTPakw2qKr74RpFDYGpWx1BbxgCUEUVX,0cc01b0d116701a1b73e220e649576c72addfb1a186392ca4fbab7d6ac261520
2xx5JEET91KuGvhvX3vfjB9sF8n9N1f8t323vWfy3vAFG5SXsx,9181cb82d79f67ce6b6f1d18e21e9882431e49bd3adfd0d97daad71f4a35546d
3mQJ5AmBrd8tEmoHimahhCWqQZxQrKwNNtBygbbtGk3uDNk8YD,559b0ababa606e4ef2b0613be29467ebdfcbf87347c279f18494c0eeb2d21040
3mQJ5AmBrd8tEmoHimahhCWqQZxQrKwNNtBygbbtGk3uDNk8YD,a2146efc4dc82128f42e305f03c2c8989f0e87c1bd1227930730d286232bde5d
46d6eVqegzerPG96npkTPakw2qKr74RpFDYGpWx1BbxgCUEUVX,0af40c980ea4c3cddb9c1e8aaae3641a0463407cef1efec1bc0e40cf3ef84c99
46d6eVqegzerPG96npkTPakw2qKr74RpFDYGpWx1BbxgCUEUVX,1ec570c2404f94901c1ddbbf50da8c5b85b9d407997500ae65bf0299982e32c4
3mQJ5AmBrd8tEmoHimahhCWqQZxQrKwNNtBygbbtGk3uDNk8YD,556dba7b766f74d42cd6ec1cdd81c030179e8d2ba46ef54b3f8501cf5b44aed3
3qu1AmJmQ9pJXLLrr4C83uB5A8b5H8tuxdf3ic12ka2zdzwXNs,36df1fc914e771484712b54e496744c72555b83490a2359c979063b2ec1428dd
46d6eVqegzerPG96npkTPakw2qKr74RpFDYGpWx1BbxgCUEUVX,dd1ea4e30e7e65a2cfe4b372cdf77aadfb76de1f99f9aa2f88ea5324efe90f2a
3yhsVb1gkDNr1souvty573pqDLk9vybCWpG4bLoHJL7X9wtEEp,1fe01cf1c33beef60e45b0f6d46a0884ea615df91a792050d1766fef02a14bff
46d6eVqegzerPG96npkTPakw2qKr74RpFDYGpWx1BbxgCUEUVX,cce6cd7e05e29295ce14c880b9cea1a8cb8d392aeeb09c68528b6d37e4818b46
46d6eVqegzerPG96npkTPakw2qKr74RpFDYGpWx1BbxgCUEUVX,ce23931b1e96a7f4a8fd1234c9fbfcf6832a68f05ac32ed5a3c8edde7e28b207
46d6eVqegzerPG96npkTPakw2qKr74RpFDYGpWx1BbxgCUEUVX,3dc88c075dc9864c381e2677f953cb3bd9f716a24d776d7b2fa663ddeafe7b37
42BGfwd8RR3U3aTQkc1DnrK3CTypWjKcPBCvXVWz8JvAMaGg2t,0e852f65ef1cec2944f594826df2c72382ae4c28babf6c7ff910de9bc18e3cfe
3xKroj82y4BA1vSG7FHMLvEEdnp8GPWT8EVtSpE5BAgbX5FPsn,4a781f9ed4f1f66414fd6db200c250942baa297cee1b5b93e622f8b9db284c19
3WBeYpJ5KZqoAiuh88Y4BJFDpH83fjZhsLKSm19F3cofzokpyt,d8980622c6e20a9275c7ae31302ae268f5dc313946f51c9037f8c3753a8ba1ca
4qfgoHyesrNZypLgYJYEY3Gbmbs4LMaGPfMpov4QRmS1C1J382,9b6822bab4f3183c901daba9841d4bde67ce496fd0be9312a0c1cfb7e4acf2ac
4qfgoHyesrNZypLgYJYEY3Gbmbs4LMaGPfMpov4QRmS1C1J382,c50cb89eeb14af142c3bb94d7591ab89b24aa9cdb75e1e36bb4313d707dee1a6
3WBeYpJ5KZqoAiuh88Y4BJFDpH83fjZhsLKSm19F3cofzokpyt,ff6a0e196d1f4a90b45d4d58ba6a1a164aa993dbee486d82202fdbeeafdf11df
46d6eVqegzerPG96npkTPakw2qKr74RpFDYGpWx1BbxgCUEUVX,4c211b548b172b4db80dcc7d1a184ab2deb0926a99e9d2bd5b4098baedaa40f2
4qfgoHyesrNZypLgYJYEY3Gbmbs4LMaGPfMpov4QRmS1C1J382,76a32dc87e05f62a4a39fa975ccaad04bb716f838ce991d6fbd8ce4d72b2b54e
46d6eVqegzerPG96npkTPakw2qKr74RpFDYGpWx1BbxgCUEUVX,d137fc5331e158d3d0019fef019ef9471ffc27c443174db7080d91a98bd780c0
42BGfwd8RR3U3aTQkc1DnrK3CTypWjKcPBCvXVWz8JvAMaGg2t,4547c2c72b7c0533f18652ffd48adff32ea8757ef3f6cf47632d886bfc8ab5bc
3z9agM6etZQiRXwuZ6GJWbrjvsEK1AYdH746uVVfeGWDWhQ1bM,eae2a2066462d93830bc004f850afd315a5c694e42b6a420d12c9c33722ccb3d
46d6eVqegzerPG96npkTPakw2qKr74RpFDYGpWx1BbxgCUEUVX,19e1efad7fb54a4a941bd43b076ccb8c49bdb0ce561c6b89182ca8aed231d115
42BGfwd8RR3U3aTQkc1DnrK3CTypWjKcPBCvXVWz8JvAMaGg2t,2c3538abf3d4216dbc421f7d8d97d7845db5bb5f8da7c78b77b47355a213d671
4qfgoHyesrNZypLgYJYEY3Gbmbs4LMaGPfMpov4QRmS1C1J382,91eaad546318cda96f2c18d5b989ce8b1948a5656aab4a71aec8dff4aea22b93
3tj3TY42u1fobYKvZd6drLniMFbLbpU3eUkCMCNt3oMhQGu3pv,f7beb2df44e8f1df3bea762e328f48f1528282a7cfb9da28d66d40524b17e925
3qu1AmJmQ9pJXLLrr4C83uB5A8b5H8tuxdf3ic12ka2zdzwXNs,7532b5d81c7e4e5f061b26b80ca3167df5aff8ac4a05a4564487e6c7184f27da
46d6eVqegzerPG96npkTPakw2qKr74RpFDYGpWx1BbxgCUEUVX,fcdb024ef94ddd4f0e7203c7a93ba1616b67111f49d61822a3587952324389e7
46d6eVqegzerPG96npkTPakw2qKr74RpFDYGpWx1BbxgCUEUVX,d1657b01343f277dfec34ea9805a94c47d667cc82633faf9b619f7014c76dd1a
46d6eVqegzerPG96npkTPakw2qKr74RpFDYGpWx1BbxgCUEUVX,25ace48af446ce19f53898c71ec3b17061790a24dd63d51d04883be079d720d7
46d6eVqegzerPG96npkTPakw2qKr74RpFDYGpWx1BbxgCUEUVX,a80ab251fdfbc6ec9d1f5bed7cf4c49bcf28580f16755ccab67e8e3c564e211b
3mQJ5AmBrd8tEmoHimahhCWqQZxQrKwNNtBygbbtGk3uDNk8YD,d5b765aba93e2b376e913e91bec4289e1a81361c7bf626503fc629fa2a7cc4f3
3mQJ5AmBrd8tEmoHimahhCWqQZxQrKwNNtBygbbtGk3uDNk8YD,846b64e72104535f881e1482a8bc6950ab74716b6bd2248b272167e504cf4d18
3mQJ5AmBrd8tEmoHimahhCWqQZxQrKwNNtBygbbtGk3uDNk8YD,4435cc98288aef57e461aa8e5f724b4278ee6335a47f2438428c3590ac789cad
3jN6VVAsAWVwgZJ5EvyDWc33htgVhjFqcnoj38tAr3quXGYwfS,8d85aedde924aa249f9259398d0105b67df6517d06f2b0791b0078c887a45492
3mQJ5AmBrd8tEmoHimahhCWqQZxQrKwNNtBygbbtGk3uDNk8YD,e76e31532acab79e9ce5af6653a473292baceafb01a28a866d89ceeab628843f
3mQJ5AmBrd8tEmoHimahhCWqQZxQrKwNNtBygbbtGk3uDNk8YD,d460ba387f7f6a88e1a23b441d29210f142f1c5200447a1df17cabd61f16855f
3tj3TY42u1fobYKvZd6drLniMFbLbpU3eUkCMCNt3oMhQGu3pv,84eab27237deea4d68bf6e62d7b612a34420d2a34ac3857b52cd860ed6fd4247
3mQJ5AmBrd8tEmoHimahhCWqQZxQrKwNNtBygbbtGk3uDNk8YD,e56c0042fe557396086c0c79688863de97a786ca2d7aa86be039624e5bdd35e7
3tj3TY42u1fobYKvZd6drLniMFbLbpU3eUkCMCNt3oMhQGu3pv,ca3e829882a582df9e7a7ac65ecaaecc603937bab82d4f2700556ff85eb93ee0
3mQJ5AmBrd8tEmoHimahhCWqQZxQrKwNNtBygbbtGk3uDNk8YD,f71bb120f9d5e692550afa7da746c352f4ea0f2d32b85c93a449018f563c29a3
2xT9pFPc1RobNyz2JkzyP3oDBQSa7ptigK2gyZuS323khocyLJ,e20c6fbf3962a152b7148bf523a7954c40939bd57e6cb40ed40eea9b128be395
3mQJ5AmBrd8tEmoHimahhCWqQZxQrKwNNtBygbbtGk3uDNk8YD,d192073ff56b38c2cfbd72ea8ef2acbcbc8d2273067f8cbee126a5495bba03e0
3mQJ5AmBrd8tEmoHimahhCWqQZxQrKwNNtBygbbtGk3uDNk8YD,b9a691b02365e8e11804723b2aeed4e373c1a7b1225d916235d991ced596a210
3mQJ5AmBrd8tEmoHimahhCWqQZxQrKwNNtBygbbtGk3uDNk8YD,648a1d7e513c580d3d99af820b829e6bf52be6bf45d7b061fabbf424478a0ff4
2xx5JEET91KuGvhvX3vfjB9sF8n9N1f8t323vWfy3vAFG5SXsx,64159add770fd3c4e34648657dde5aec2008473204e2778cc720cc07ceb76dda
3xxThEX8q6cyHhSUaveamPv48vGREBXZh4zAKZviH7BsFCDew1,de6b8418482bb0efd5debe62dfb29399f0f502163cea1cd493b040954d83e4c9
3mQJ5AmBrd8tEmoHimahhCWqQZxQrKwNNtBygbbtGk3uDNk8YD,d676a5098dec5d16cd4472fe88483448b3788b6705169930e670e1dfda601458
3qu1AmJmQ9pJXLLrr4C83uB5A8b5H8tuxdf3ic12ka2zdzwXNs,14b7fcc58e7336d5507f62f3c780555c4c7658cb2316ce6c1c996d57d121d0f3
42BGfwd8RR3U3aTQkc1DnrK3CTypWjKcPBCvXVWz8JvAMaGg2t,91bce0473fa9f675a8e480143cb424a6aecc4969c4f7581f78628981f66ff7a9
3mQJ5AmBrd8tEmoHimahhCWqQZxQrKwNNtBygbbtGk3uDNk8YD,bb0cadbb26677eb69d01de7308b39614d741372400d40e58be449dd6fb2a4c62
3jN6VVAsAWVwgZJ5EvyDWc33htgVhjFqcnoj38tAr3quXGYwfS,e2b34574ffb636ca48118723ca3cb4bc467aadb87b0b61b4c2a7ee6d95a3cffd
2xT9pFPc1RobNyz2JkzyP3oDBQSa7ptigK2gyZuS323khocyLJ,f3dd8b706d25af090a758ea2b8cc3689f6845ee3acbe53af4683adf67823cf08
3mQJ5AmBrd8tEmoHimahhCWqQZxQrKwNNtBygbbtGk3uDNk8YD,4e23fbf1508c315c7ba7afee33fa4998e1407e275115ccd89fb9fb432c7dccb6
2xT9pFPc1RobNyz2JkzyP3oDBQSa7ptigK2gyZuS323khocyLJ,35229864f39e4a369b661e785d9223385c4c4f5aaa01dec12e87015266242f96
3mQJ5AmBrd8tEmoHimahhCWqQZxQrKwNNtBygbbtGk3uDNk8YD,79d10323379847f29228c41e2892e0173e4fddd8d3d1c098a707afceb2e7b31b
3qu1AmJmQ9pJXLLrr4C83uB5A8b5H8tuxdf3ic12ka2zdzwXNs,2c201e083b8f4fe261bf035a15b067a30246c80d0577e9bd371e2f6fbea7c74a
2xT9pFPc1RobNyz2JkzyP3oDBQSa7ptigK2gyZuS323khocyLJ,0bfefb794fa58521649796242494ace7eba59d01d45c97886d71190304816d3e
2xT9pFPc1RobNyz2JkzyP3oDBQSa7ptigK2gyZuS323khocyLJ,9578e86edc8f9e7d07431dc1bbdcfd294eb9a52f29021d98c625195f77c45930
42BGfwd8RR3U3aTQkc1DnrK3CTypWjKcPBCvXVWz8JvAMaGg2t,640f7164f580eb517ffe938c58106b803d6c617e935834630df83c9437eee2c5
33zjQgSmGUEj39JVqY68SG6dfeVh3UNmx4xxRxpPapkEnV1HAb,80fa3ff8c42e3045b373a5b518f2a584b8f5d9a0836a3e778cdc5e8dc1d9e783
42BGfwd8RR3U3aTQkc1DnrK3CTypWjKcPBCvXVWz8JvAMaGg2t,b5d8a2985d6327559e179ddbb5b9263e30c769f9f049309c1d41a8d2842493d9
42BGfwd8RR3U3aTQkc1DnrK3CTypWjKcPBCvXVWz8JvAMaGg2t,0b31da1faf42b00b46c7de6508bd5d971e888a1a2ec2d4260251b1604fb4a641
33zjQgSmGUEj39JVqY68SG6dfeVh3UNmx4xxRxpPapkEnV1HAb,3e629635f2b3ca261a7b5631f1727e6508535f2de478164f6df1e06cc5f0516f
3GC1mSvZtGa5xEum3rx7YceDFH2XX76Cq5Mp7yLqUDumFJfpUQ,e1b0a1a0c889f4ac3d7f23ce1351c212e209ea1dbe734092363283d9e076b9a2
3qu1AmJmQ9pJXLLrr4C83uB5A8b5H8tuxdf3ic12ka2zdzwXNs,c0298bf44e149a6d74901d82637e5e60ac53e0ae79bded38890d9e9b1fd88681
33zjQgSmGUEj39JVqY68SG6dfeVh3UNmx4xxRxpPapkEnV1HAb,e49f8bd41eff146bc130b9699fd1b2ec03c0fc4fd1db04478677b276dd96bb50
42BGfwd8RR3U3aTQkc1DnrK3CTypWjKcPBCvXVWz8JvAMaGg2t,453a7b327808f45d095f30d23749b84558fef59627c3cebeb44d3410dcdc45c9
42BGfwd8RR3U3aTQkc1DnrK3CTypWjKcPBCvXVWz8JvAMaGg2t,e8bf9fcf99e0a9561e7cac9cdab747c3c587d52b6f6e2a07c430d447384b7a2a
3syvqLZTHEsKKpfNSvx96fUFXsWXb6MdScXqx34X2B9Yr6f2dN,6870ce8e1202b12007e9cd82a223308d2f2370f3b83bec392ede0e84b0951035
3GC1mSvZtGa5xEum3rx7YceDFH2XX76Cq5Mp7yLqUDumFJfpUQ,0b0df5a5366801f9845632257a7abb42a6855818d0b82d15ea9969fca7b3b53d
42BGfwd8RR3U3aTQkc1DnrK3CTypWjKcPBCvXVWz8JvAMaGg2t,53a5e7f540ac514605f0060596dbcd68a7f053d282efc348e37e4de7a2cc50d7
3GC1mSvZtGa5xEum3rx7YceDFH2XX76Cq5Mp7yLqUDumFJfpUQ,35a1d7e91ab43cd8d613e34a77f3b6424769bf77462210397f34311c87868c14
42BGfwd8RR3U3aTQkc1DnrK3CTypWjKcPBCvXVWz8JvAMaGg2t,f71b12f3ae3394c5731e7a2a8fac4accc37de521ce2e447de879f63646722b37
42BGfwd8RR3U3aTQkc1DnrK3CTypWjKcPBCvXVWz8JvAMaGg2t,e923f582c5f97fb78396c25560d0f2864a796221c667fb91ac2abd0ebe1b0ed0
4c7goyyukBh2wFuc94SWvCo8XXkmTt761ty9tvLhPhrKAVn39v,1d46ea7835720779468b43e75898f209d614558d1ba6f6da4d787274b8a2416d
42BGfwd8RR3U3aTQkc1DnrK3CTypWjKcPBCvXVWz8JvAMaGg2t,ae4bc6f55159f7c2a1b5332f0ae416f853d45da7743f26f2377498718ed85fa8
2xT9pFPc1RobNyz2JkzyP3oDBQSa7ptigK2gyZuS323khocyLJ,87d0ee5f126cd0f8871fca64328d86300e03c4d40f883c55feab6c5ba0305fea
3mQJ5AmBrd8tEmoHimahhCWqQZxQrKwNNtBygbbtGk3uDNk8YD,1f401ef547aac195aaf2ce946ba4e32345189105919bdff42826a554fe9323b5
2xT9pFPc1RobNyz2JkzyP3oDBQSa7ptigK2gyZuS323khocyLJ,176220469ce7d75dac4ce9cf66e31f335d2ecde0ea32c90584c54fbdfeca1a3c
4NL64fFpYWZ1b3953NK48ueBge7FvNwrkPr13cgGLvDcSdEWp4,2aa2805a5b65d6dd381b5389bda81ccb06b333c9684be30cfb216ae799d07296
42BGfwd8RR3U3aTQkc1DnrK3CTypWjKcPBCvXVWz8JvAMaGg2t,5e4864431ea7eb55861b270ec718e6261e6f5d2eef8b40fc699c6b4d618056ed
3mQJ5AmBrd8tEmoHimahhCWqQZxQrKwNNtBygbbtGk3uDNk8YD,3a029ba2798bf8ab7b0b3dab566fdb1e46be4c07d598f74505e0065455e8c049
4NL64fFpYWZ1b3953NK48ueBge7FvNwrkPr13cgGLvDcSdEWp4,80f93badb27bb5074ea88fe05b96b35185b94bc5a52bc58b6c93fd9757224d33
3GC1mSvZtGa5xEum3rx7YceDFH2XX76Cq5Mp7yLqUDumFJfpUQ,80edc5e009c5d3729baf7fda17703c0923cfcd10f2fd397bbebd5c07dd5de694
3mQJ5AmBrd8tEmoHimahhCWqQZxQrKwNNtBygbbtGk3uDNk8YD,cab57b1bbe6783e9b6789746848c05cf8e1f860a022c62b0e4eb3073bc829ae0
3gvrwc2rWqXmjNf1kxD6N1FonmrdGprb6H8Juenud77LKuhGXP,1032f02479a2f14c75c742c2b5aea91c918bd9a893407f778e86fff40afe4245
3gvrwc2rWqXmjNf1kxD6N1FonmrdGprb6H8Juenud77LKuhGXP,098359e65e9965c6678c49607d5580c89ef5b389aabb7009712efec1d13ae2b9
3GULrFiT6fd28McD4MBFKHQHPYMb9sCS5fVYWWLJJNBjDJEwGR,a9e054192c71206ecf15d83a515b11391b7ea1191e738749580ab641847e56ae
4MTdCpLVPHLtLk76gUdqrAeLqC6SygvavisAwMP1bER8qoqNbv,b95bfca6e990af85772b558a85598ee3f8b3099039f9f7ab79d9efa7cbf13768
3rpXdcyM19TagHxqS5e1eg7xGnxRx5eoGRcxTVKskJnYpzh7cL,8b8fd656c0220b5698bb9269c9e8e64532a8c9e2a1583b9746eb977b2103a9ab
4MTdCpLVPHLtLk76gUdqrAeLqC6SygvavisAwMP1bER8qoqNbv,41586fdd9c6a4ac262ef28c245fb8a25bbdacb799771da27af0f224c311c3b14
4MTdCpLVPHLtLk76gUdqrAeLqC6SygvavisAwMP1bER8qoqNbv,1643aabf55fa2337ce249006fa50c2aecbe4f452f2bc86eabba033c037293c93
3rpXdcyM19TagHxqS5e1eg7xGnxRx5eoGRcxTVKskJnYpzh7cL,c3c21229dd9c3ba6b2dd90bd6a795c6ea0b6cb0665256eb057c39addeba8366a
4MTdCpLVPHLtLk76gUdqrAeLqC6SygvavisAwMP1bER8qoqNbv,439f527c020de0b6ac497998ebd32b74f56f25ae232f68055374de19b38507b6
4MTdCpLVPHLtLk76gUdqrAeLqC6SygvavisAwMP1bER8qoqNbv,0e6d8c32dba0098e489a3f2a6829b100a92e9f6b90189aac69abff0e7d9684a4
4MTdCpLVPHLtLk76gUdqrAeLqC6SygvavisAwMP1bER8qoqNbv,44a11690999c09fa7aa1101f594808360d9408ca634d1c791ee0aa95290b5a2c
3mQJ5AmBrd8tEmoHimahhCWqQZxQrKwNNtBygbbtGk3uDNk8YD,ef6c3cc919493e5f0312a88c945f924159ca21ba0a45d0421f74dbde21c3b141
3rpXdcyM19TagHxqS5e1eg7xGnxRx5eoGRcxTVKskJnYpzh7cL,bf1d112f5db56b437654db9c0c985dbfecc5a6d96072c8f2b02013e3966ba529
4MTdCpLVPHLtLk76gUdqrAeLqC6SygvavisAwMP1bER8qoqNbv,67d85ea08e24a956a18dc5b14626e3abc34b3adf468beb122f6db2d97740a273
4PWibmiCgyjEM19ai5En8gTnYQehXXyVRS2bDZoNMApuW6vcbx,78ee0fd715cf02ae8cafa9be929d0bd71357f96f1e54a5d2dfc2ae67823e738b
3mQJ5AmBrd8tEmoHimahhCWqQZxQrKwNNtBygbbtGk3uDNk8YD,48bd59d100c75dcd651c36659ed4c9d2dc412bca11518d1e32f2203afc0239de
4MTdCpLVPHLtLk76gUdqrAeLqC6SygvavisAwMP1bER8qoqNbv,d184702e2314acf1d292a868c8463c0680f1f747d0d1b6af448c817e4c06dcef
4PWibmiCgyjEM19ai5En8gTnYQehXXyVRS2bDZoNMApuW6vcbx,5e736c619f1fb816f8338d804a062bef88e21efb0fd3384cf36fc1d390c87111
4PWibmiCgyjEM19ai5En8gTnYQehXXyVRS2bDZoNMApuW6vcbx,b1d2afe2e9a1fd4b6f411e2425f6a472bec00395b2783a48ebd670fd71379432
4MTdCpLVPHLtLk76gUdqrAeLqC6SygvavisAwMP1bER8qoqNbv,91e1a357655b6aa645ef6729b9161800ea59f5f5270ca8e6aac5be448073cf79
4MTdCpLVPHLtLk76gUdqrAeLqC6SygvavisAwMP1bER8qoqNbv,987c69d7813705cfdb37070278978bab04f377a04f9e1277c9b17daace37c020
3mQJ5AmBrd8tEmoHimahhCWqQZxQrKwNNtBygbbtGk3uDNk8YD,7588825cecadbb31ac25d568f5ce0d4655662e4545fefcdd9f17b43e340266d2
4MTdCpLVPHLtLk76gUdqrAeLqC6SygvavisAwMP1bER8qoqNbv,117bbbff997767688267216dbc973c4600361eac893758200dbb632af69acf47
4PWibmiCgyjEM19ai5En8gTnYQehXXyVRS2bDZoNMApuW6vcbx,072e5d9f169d335d398cd2fc8efbbdb43bb2a8c7473a58dcaefd843f0aef2ab4
3mQJ5AmBrd8tEmoHimahhCWqQZxQrKwNNtBygbbtGk3uDNk8YD,ca44f30e64373c4c0bbe4efa4deb150e066331f5ab3052bd068fadf7fa49b546
4PWibmiCgyjEM19ai5En8gTnYQehXXyVRS2bDZoNMApuW6vcbx,5962d9db9077874a889a297222642920acab364fbd30a3b7fdba539011e8ea07
4PWibmiCgyjEM19ai5En8gTnYQehXXyVRS2bDZoNMApuW6vcbx,ab70f1846a8b21f577642d09bc5abd58f4041990081116364c4cfcab826d801f
4PWibmiCgyjEM19ai5En8gTnYQehXXyVRS2bDZoNMApuW6vcbx,e75c9eb6bd748fa31cf0495089b1822a7b2a62abd641ef6d6e2ec3e6d1abe426
3GC1mSvZtGa5xEum3rx7YceDFH2XX76Cq5Mp7yLqUDumFJfpUQ,b2a3e6deff28ef28e350516103573aa06e38c88780a9de138004ca3b0200aa48
4MTdCpLVPHLtLk76gUdqrAeLqC6SygvavisAwMP1bER8qoqNbv,60e47c925a28eceaa158e5233effce7e99e6386024fe0086387a078202be2015
4MTdCpLVPHLtLk76gUdqrAeLqC6SygvavisAwMP1bER8qoqNbv,eddf902062df4b8e8a5b4b390b0e51131e90aa9c1f1c67c72f0ded827de2577a
4PWibmiCgyjEM19ai5En8gTnYQehXXyVRS2bDZoNMApuW6vcbx,57fd5dc05d565955876a4848a84359606d3142c7b7b043be4c5e49ce8dd94dd2
3mQJ5AmBrd8tEmoHimahhCWqQZxQrKwNNtBygbbtGk3uDNk8YD,b3ccaa1dc13b510139b97b5303ad8e193ab3e3e858a3e7790387ec4cee375fce
4MTdCpLVPHLtLk76gUdqrAeLqC6SygvavisAwMP1bER8qoqNbv,699e22cce9d1d54e11f644e468110244d285f337664f37eed56fe8932540a0ce
4MTdCpLVPHLtLk76gUdqrAeLqC6SygvavisAwMP1bER8qoqNbv,31b06cab3973f2d7bc99870aa06b8b9cc69a21020b9275512dc86e72c9431db9
4MTdCpLVPHLtLk76gUdqrAeLqC6SygvavisAwMP1bER8qoqNbv,783d330c3b047c85a42b098a0fa46e61a46b1f181807680cac1d0570b7596bca
3mQJ5AmBrd8tEmoHimahhCWqQZxQrKwNNtBygbbtGk3uDNk8YD,1adea131a813145fe088183f445469ca4b06be9f158fcfb2bdc59fe7da9d4944
3mQJ5AmBrd8tEmoHimahhCWqQZxQrKwNNtBygbbtGk3uDNk8YD,f7720aa6a0592217847b13dacf9f86a78ef5522909039a468a3021bf2b463b0f
4MTdCpLVPHLtLk76gUdqrAeLqC6SygvavisAwMP1bER8qoqNbv,67702d787721cef72d799506055e94874669023307cb00c14af07a1a3b0e7c76
4MTdCpLVPHLtLk76gUdqrAeLqC6SygvavisAwMP1bER8qoqNbv,5909f0c3767a8b58200247ef1f5d984c347ecadcfebe35e425cc47e00e083c9c
4MTdCpLVPHLtLk76gUdqrAeLqC6SygvavisAwMP1bER8qoqNbv,20f9749103312196fdcba398f2c1183b7b4fd51d30501150966cb20dd5652086
4MTdCpLVPHLtLk76gUdqrAeLqC6SygvavisAwMP1bER8qoqNbv,0012508e92c9088cb8630a778bc9de70867b31e8ba8f7a15cc8c5cc8500eb0fb
4MTdCpLVPHLtLk76gUdqrAeLqC6SygvavisAwMP1bER8qoqNbv,b1e65d88844a7e3d31ec9f1d8a0225acb301c7899c11269581aada59565169c7
4MTdCpLVPHLtLk76gUdqrAeLqC6SygvavisAwMP1bER8qoqNbv,ea54e10911451022bd7cd33e2f52467c6acd3d43fe8bdc5194ef6ea0cb01adf6
4MTdCpLVPHLtLk76gUdqrAeLqC6SygvavisAwMP1bER8qoqNbv,57e17affa3acd9d5568cb4cedaf8a97dd1a151242c27e7ce859d081ec865c748
4MTdCpLVPHLtLk76gUdqrAeLqC6SygvavisAwMP1bER8qoqNbv,e0a3d9a8c9dd26e91bd49c155b6b976a6ac1fb8fdddfcce78fff232e3f53bb21
4MTdCpLVPHLtLk76gUdqrAeLqC6SygvavisAwMP1bER8qoqNbv,27d48f70b42cc939dd3cd4db8af69d3314c18abc6ecb657a210e5326a98e59ee
4MTdCpLVPHLtLk76gUdqrAeLqC6SygvavisAwMP1bER8qoqNbv,42e7804ebcf551740ca9b57e0ac6b445030c65e0317a4a98162c0d60e04b39f9
4MTdCpLVPHLtLk76gUdqrAeLqC6SygvavisAwMP1bER8qoqNbv,4f00bd9f9c1601964d7933e8e2941885b05ed92823fbdc94e423acd7892e3476
31kKh4UGfQ8zawzEi1VtuxBGf347MxRocBx7UeQXJXSo4YTSib,26fbe78f5613d4c6a03b5860ac4e512df780907b406454e273a81800709759b6
3mQJ5AmBrd8tEmoHimahhCWqQZxQrKwNNtBygbbtGk3uDNk8YD,cc87fa74681bf18b644baaab2f78c916eda0831292770f7813e02783f2f15708
3mQJ5AmBrd8tEmoHimahhCWqQZxQrKwNNtBygbbtGk3uDNk8YD,c3e2311b2e9272a5e6d6a82c972fe3c6ada3ab1afa7f56398895ecaa8076734c
3HjjRG6bXC1kpoZhUcmQvUMN5c5t7mY3FL6RF1d9TQxouF1Jk4,e3435ac49a46760da47d2ae9e1e707b6e9dd4b12a4fc4dcaa9e981f4902ba0c1
3M2cQdbSt2HYA6ZkZGhWW36m4LUg3bTaTTsQjvidfq9uAPBr5u,37cb09eb65df326db93e97b3fc1afb41ed8a7542015585a0cce2e153caeb4378
3d8buoAJQCGBbpQZPPSshm6otuSyCSUbWEgtRW9XdoHXCyyMNj,5e340fb23df885e7cc7d04e702b86c3df7db2e8a0552ade612f795eac4a4590f
3v8XpJm14evkmaNyKggcMqcfQQVDtPtai8SEJahGK1gL7yiYUh,1d7cb29f577f9f33269d8f96f12f8ee0ef2c158e7398391be14e7a36995939a4
3M8bGZsMRdhbPYr2e9q11gFt8k1uerF9CnkxXcAoRTjxEdvbH6,d4edce53b2de439db200d3911b87a5b9a6dc729e904426062a6cc679c4f8924e
3v8XpJm14evkmaNyKggcMqcfQQVDtPtai8SEJahGK1gL7yiYUh,21b4ab8345dddb2d4b7e20f027e155dd99e057b21a6405dd0c3e0114e5433769
3v8XpJm14evkmaNyKggcMqcfQQVDtPtai8SEJahGK1gL7yiYUh,1e718adec90899418ca384d78e30251f2acc47510ab9a7d570fafe74c3bbffb7
3v8XpJm14evkmaNyKggcMqcfQQVDtPtai8SEJahGK1gL7yiYUh,09ab1aa70ffa1269b983cce3641b1a30b10deeab7321b9866473244782696aec
3v8XpJm14evkmaNyKggcMqcfQQVDtPtai8SEJahGK1gL7yiYUh,30c191f0aa8cd751b9ada5c752a28bd1683bee6dfe3b28d321585d135b846d49
3v8XpJm14evkmaNyKggcMqcfQQVDtPtai8SEJahGK1gL7yiYUh,95452f7280f0f00c182708d9a58e5a1a0ca052b559d1c25cea5134b7276486f0
3M8bGZsMRdhbPYr2e9q11gFt8k1uerF9CnkxXcAoRTjxEdvbH6,40c3b15b045074df3332cc3ef170e6d0073d3da220690b9773776d8e549502be
3v8XpJm14evkmaNyKggcMqcfQQVDtPtai8SEJahGK1gL7yiYUh,1255a6e722a55855748a55dd9b1a32193cf7d265e025a5aed95bb8e691bc09c9
3v8XpJm14evkmaNyKggcMqcfQQVDtPtai8SEJahGK1gL7yiYUh,815b875321820fcc162a5ff2f42a34aae432c050fc7b1de88a075339fa9a368b
3v8XpJm14evkmaNyKggcMqcfQQVDtPtai8SEJahGK1gL7yiYUh,50c2ebaa12e7f766bd1d6714130a8e8b40e30db3dbc54c64f3c2b4e1345c6b9e
3v8XpJm14evkmaNyKggcMqcfQQVDtPtai8SEJahGK1gL7yiYUh,fb4fc0fbc6f2c2258657a191e035910d8ceb2be452f94d27bc1c5fed3f5a83f8
3v8XpJm14evkmaNyKggcMqcfQQVDtPtai8SEJahGK1gL7yiYUh,ec2ef95dd688bd5e3ab9108f049ffdc509ef14d28daad370b88c7bec17e8bc38
3v8XpJm14evkmaNyKggcMqcfQQVDtPtai8SEJahGK1gL7yiYUh,54d95a14c7db8df82dde6673cc73cf785a8b499ae1a80017d8beccffff0f7ad4
3v8XpJm14evkmaNyKggcMqcfQQVDtPtai8SEJahGK1gL7yiYUh,c9f2add52a5ff66959cb83728f52558256df7e852fbec81e847159ebe374d318
3v8XpJm14evkmaNyKggcMqcfQQVDtPtai8SEJahGK1gL7yiYUh,3096afa533bef099cd054ee8a828bd81edfe75dfd6af143c3a13fab2ec0c72e6
3M8bGZsMRdhbPYr2e9q11gFt8k1uerF9CnkxXcAoRTjxEdvbH6,fa8dd41910ebd0f5550b9425c550e3809749490f6220fc087479720cdf4450a3
3M8bGZsMRdhbPYr2e9q11gFt8k1uerF9CnkxXcAoRTjxEdvbH6,ecf6c124237e44397a170e6fc99e8f559414d372527395295fbdabe6edf148e8
3M8bGZsMRdhbPYr2e9q11gFt8k1uerF9CnkxXcAoRTjxEdvbH6,c1a3c297ccf1b5dab36a97d59a9013127d21c788b5aad24ef9560d1ce6d54bc6
3v8XpJm14evkmaNyKggcMqcfQQVDtPtai8SEJahGK1gL7yiYUh,2c49d10aca9a55aaf1b3ed9dc0d4d995b169c32dbac31e9f7162c69ec2be6b9f
3YfqHnKPKcz2MVDCJ8gMXcsKegnupfF6nZoQVRoW836sCqyHPY,a459f0ba2faa33ea93aa3ccc3a8c18d3fb3dc91ec5bce2e2b6b3f378ed596708
3YfqHnKPKcz2MVDCJ8gMXcsKegnupfF6nZoQVRoW836sCqyHPY,8c13bd52337629784fe4908d8bf87640bd425caa55acfc3f6a0889b81fb7f392
3gvrwc2rWqXmjNf1kxD6N1FonmrdGprb6H8Juenud77LKuhGXP,82578feeda659ff1543b513786c6b14b258710a1e4af33baebc21eca858c784b
3YfqHnKPKcz2MVDCJ8gMXcsKegnupfF6nZoQVRoW836sCqyHPY,22c104212fc5b376b0a3dac89b447f016bc28f8d67256cac77b0351c71663509
3U1FyA4JrVF2dfD7yG7DdGW9fHg8najango85RuUKxeughQjnf,4359500cbd4250606c6721fdd599f1fadddf7c3b9179b970c4d54e576eb240d8
3KJRLGp9ohJCuosxpLDLQQECGPwR8W6T2YFXXY6YEnnVQDGEND,5628d0e639e1ab2667cea0edc915884a67bb97dfc6fe80c48486880235429766
3U1FyA4JrVF2dfD7yG7DdGW9fHg8najango85RuUKxeughQjnf,28c7294d5064071bc55727e63f9b1581d7a6c79a2d3c48717da993c8c8abcc34
3YfqHnKPKcz2MVDCJ8gMXcsKegnupfF6nZoQVRoW836sCqyHPY,c92059637ab55bf7e196871123ca3a61eb920c866555a5f80bfdc178e70d9cee
3U1FyA4JrVF2dfD7yG7DdGW9fHg8najango85RuUKxeughQjnf,9455ce658a195fecfe4a979083e91377b2a20e2e70ef500901cea4e823ecf1a3
3U1FyA4JrVF2dfD7yG7DdGW9fHg8najango85RuUKxeughQjnf,7c08c4da4ec6819ead7969b456b01956a639a883295585ba2c3eb3e6f59c07e4
4pvdF7rK2kXE1J4Cqjecw9tMFxQWKa89tvAYWMjh5Xvy8HMr3x,64a746aea9feef18e634c48f81575dcdef554bd075e11b0459a34dee64386990
3M8bGZsMRdhbPYr2e9q11gFt8k1uerF9CnkxXcAoRTjxEdvbH6,0991683cb43fc15032fddfd56bfe7617768ace19318f51ff37b7824683efb6eb
3YfqHnKPKcz2MVDCJ8gMXcsKegnupfF6nZoQVRoW836sCqyHPY,c133a275e667636ed1b2429a00cea32c4d5688cac0932e6216373b7fe8519fa3
3U1FyA4JrVF2dfD7yG7DdGW9fHg8najango85RuUKxeughQjnf,fd701daf481e6f221cd3390952e43249b6a10374f924439d5311489b63d35d69
3U1FyA4JrVF2dfD7yG7DdGW9fHg8najango85RuUKxeughQjnf,b8a81e24d08fba8d198603b76f2c750afba0b4077e1a8df4098b9d3f56ea9a58
3iZVPmcZLomKLdunJsrTmZ98xoqNWfVENcgCDzZ48JMvqrcSdV,f2987867792462b9bc16ebd6098fb35842c2ca94d95b81a1d0cfc905fb289482
3U1FyA4JrVF2dfD7yG7DdGW9fHg8najango85RuUKxeughQjnf,391f6d9ce15fdc04e440945550d91f2d4241148fdc24a07bd77cef0cff0ee6b5
3CafeGKhe6fiqMyaGiLRgDGPkutaxgzsuR3tZgDH15USR2R4Q7,2c36f52fab8b0f75d2d0eccad2abb3f159b9ed2beabebc204d9bd71319f38dbf
2ySxZzocn41CPgnrEByppmg5vQzzeaNrmfERz3Aow2ZrGCpbuP,4d141f0e7c99c6bfea16fe3c79b39e2d523d3a6f2137a547ba53fcd389be69af
3U1FyA4JrVF2dfD7yG7DdGW9fHg8najango85RuUKxeughQjnf,1e8d39b46eced51b2933eceb57158532a4b1e19a87845713e58cc733dd1f64d9
2ySxZzocn41CPgnrEByppmg5vQzzeaNrmfERz3Aow2ZrGCpbuP,97f3df00b5e8ed719fc06a67338ada195da85755e0bf77d3429a5556deff690a
45twiiwiN2unmeCCbzQPfEYif8kPbsA2NRCkNek4w1ZVWTkvfC,a0c8d86831569e5a609841602d382cb026d44f8277e3fcb1c73fca328c73d019
4dj5rK34oY7QvMCSMSGaYGJZz9Zpjkvf8jv97goyEuLZv8HPew,444c50fb1751904f0020e66dbaca833132c54ca7706af0c4ad0f596accd975e9
45twiiwiN2unmeCCbzQPfEYif8kPbsA2NRCkNek4w1ZVWTkvfC,521b2494b8ae2e97e4c1bfd1d7f1480c2fea104dcb544789da028a48a822f7c0
45twiiwiN2unmeCCbzQPfEYif8kPbsA2NRCkNek4w1ZVWTkvfC,c45047f547d140892d9daa328020d31864b58165b80d28578230b93a2827c77c
3U1FyA4JrVF2dfD7yG7DdGW9fHg8najango85RuUKxeughQjnf,410bd2f7f0ee3f600e4a447fb33e405bffea92686d5edf9acc23db3e6898afe4
45twiiwiN2unmeCCbzQPfEYif8kPbsA2NRCkNek4w1ZVWTkvfC,fd74df8e3b545d59b4e1d6a54a39bc983de7b032f99ef7c330050e2febdf1c18
4t5sKhi23a58yCjErcJw2tBCxt9b46UF7VbMpsPJnHybhEzv2e,d55a7d548b785417d4318f9056492e5092a2f0e87683076c9bc32c681e3b3fbb
45twiiwiN2unmeCCbzQPfEYif8kPbsA2NRCkNek4w1ZVWTkvfC,9fb3cf19911dddd0481d40c414816406c58e0870e854af1d6d3d516b20a8e071
2ySxZzocn41CPgnrEByppmg5vQzzeaNrmfERz3Aow2ZrGCpbuP,304056fbb6edd5fb970d0f5184c18a170cff5dae4215d3014e9cedece844aaac
45twiiwiN2unmeCCbzQPfEYif8kPbsA2NRCkNek4w1ZVWTkvfC,f5da7342c455a730d502cdba707e97183ba5241b122ed5d05daa0be655a06c1c
3GC1mSvZtGa5xEum3rx7YceDFH2XX76Cq5Mp7yLqUDumFJfpUQ,429fc95091436df77a07556ffa5acfb920ad42773ecbc789fd24400583b23870
4t5sKhi23a58yCjErcJw2tBCxt9b46UF7VbMpsPJnHybhEzv2e,c7203fc5e180b3853e4b90b4968a011aea53ed10888c46bec3e4a12fb98776d1
3v8XpJm14evkmaNyKggcMqcfQQVDtPtai8SEJahGK1gL7yiYUh,ecf2038e5cbd3cdc8ab369a503976cdb601225fa1094bff29d9d26f12154d47b
3v8XpJm14evkmaNyKggcMqcfQQVDtPtai8SEJahGK1gL7yiYUh,d80d174fcf01baa04cb936afc0f7f038a2b5499d0a8c21f31f9129077dddb7e5
3qu1AmJmQ9pJXLLrr4C83uB5A8b5H8tuxdf3ic12ka2zdzwXNs,0d645ea80ff83f53921388f8504f36089a448fe1c643e96d80543507407a0a67
4t8NjZTce7Vy9oViXc2USZAPHH81sjzvDCY28ijNCUxbML95JP,94e09f4b1346d4edd884ed6b50fe301861bf2f824def510c87fbf51f0f4897e3
2xT9pFPc1RobNyz2JkzyP3oDBQSa7ptigK2gyZuS323khocyLJ,c1ba85df54130fd91ed4762f68200498cf3cc3659f6af03f7ed36d2574de93f3
3QL7YR2Hq8PTG766MvHHaKoJgohHrD4sdrxmTgxqL27nRLnTgg,db184e2d14fb800251ec6b2ad48dc8c677cf6d98f65ff164a81553de236e3315
3YfqHnKPKcz2MVDCJ8gMXcsKegnupfF6nZoQVRoW836sCqyHPY,d1158f3465dd2b84199c7777510c0a1a33a29527e0d40ace431469d6623eda2c
3YfqHnKPKcz2MVDCJ8gMXcsKegnupfF6nZoQVRoW836sCqyHPY,1b28714bcd09ef608123ef9241bec25aa0c543f281f75196ff5f37a6e676717c
3SNixsf8ngAGYEkoRzoHhnVLrtnDoYNakjWPxoHq2jhvyHYkpA,09a8e210e36ff37ad6ae3b4481e3b5688389f43c267e278b34ab1140fd2cd1b1
33ZxMYTTbxKEyriuxjLW8m7yrwh2jRJLm9oWdQsKWCgumJhAzQ,7aae66963a2321c01a07b7e0eec3c1a7092ef93a73d6bec6d13da2fd08f5ea22
3F9jusvS96Ci9is641mbuokXa36X4putj957mFtVMe8aSyJY7H,84e12a2c5efe573e35e27e51b7ebb8d57fd1ec7bb0b6d7aabfa3f91b0bf78212
33ZxMYTTbxKEyriuxjLW8m7yrwh2jRJLm9oWdQsKWCgumJhAzQ,c4459a7d99d0196f2506cb2ac069114f4133e08c08aadb1dec6d4208e490d383
4pvdF7rK2kXE1J4Cqjecw9tMFxQWKa89tvAYWMjh5Xvy8HMr3x,e9bfe5b1364cabd3c542d2eb144bd1aff372c6e9e0e0fa76c344e96c4cc7126a
31kKh4UGfQ8zawzEi1VtuxBGf347MxRocBx7UeQXJXSo4YTSib,72c151f1d62caa8d496bda1494030e9a20f8fbfdc8c744641cb4131f9d93a140
3SNixsf8ngAGYEkoRzoHhnVLrtnDoYNakjWPxoHq2jhvyHYkpA,aeed69fdbe5a6f1475d07a6b21e1c9294a353e93f15521ad4e20a6e8beef83c3
4pvdF7rK2kXE1J4Cqjecw9tMFxQWKa89tvAYWMjh5Xvy8HMr3x,15e1f36fdf136b896253828ccfc4d51427fe07fe5418d186faf92b5c1708ddcc
31kKh4UGfQ8zawzEi1VtuxBGf347MxRocBx7UeQXJXSo4YTSib,9f05d8c21caedd73cf7719d4dfa595466164d999a7cb74fd9c24a1797cb3ca01
4pvdF7rK2kXE1J4Cqjecw9tMFxQWKa89tvAYWMjh5Xvy8HMr3x,553918f1511d18f09d59ccd06c7fea425f4d83fe95689be165d6b3ddb5293a2b
4pvdF7rK2kXE1J4Cqjecw9tMFxQWKa89tvAYWMjh5Xvy8HMr3x,d572796696fb29ced9e9c4ca416d5130cf9aab5c544e5930e91716bc428e5fe3
3F9jusvS96Ci9is641mbuokXa36X4putj957mFtVMe8aSyJY7H,a9b6cbe01a62fdbacf13cae110e653fea14dcbf4162d97a7c3779541bbb4f28a
31kKh4UGfQ8zawzEi1VtuxBGf347MxRocBx7UeQXJXSo4YTSib,423ff8d1ff39a2cf3fd836fb02d55bf6c7600ec1b216d277f3138bc437ff5967
33ZxMYTTbxKEyriuxjLW8m7yrwh2jRJLm9oWdQsKWCgumJhAzQ,cf615454ff5195377d588f2262d8eb4b986f7646420ea692867c97324ffa0954
2ySxZzocn41CPgnrEByppmg5vQzzeaNrmfERz3Aow2ZrGCpbuP,21cad8df64f7b05cc36b30534b0a1cac9b7e7430989852166c1c1c99f6790801
2ySxZzocn41CPgnrEByppmg5vQzzeaNrmfERz3Aow2ZrGCpbuP,24e18026440550b77930cb2dcc99988679c227737833d096b0eeef93532f3dc9
4PWibmiCgyjEM19ai5En8gTnYQehXXyVRS2bDZoNMApuW6vcbx,b987dce435a58a91541e1bcc00f54ad4b93ba51e3956bf8bde8b3a78842c48d5
3fnnkSGko6LQZkVQex2qdk7gYSc7h75TNQseLmvMUGksX5qSH7,3383ff49a6b5e450964e9e7abe58e1d674a503207368b8155d4f246af9294366
2ySxZzocn41CPgnrEByppmg5vQzzeaNrmfERz3Aow2ZrGCpbuP,c156a35795c685fdec4551f6ec721b1017274b4be746b4d3b52e2f7c2fc62a4f
4PWibmiCgyjEM19ai5En8gTnYQehXXyVRS2bDZoNMApuW6vcbx,1a12d3362d6eb4b9ba1ccb7eb8f220c8e916bca3be92b291f0741c97dd47c424
2ySxZzocn41CPgnrEByppmg5vQzzeaNrmfERz3Aow2ZrGCpbuP,b27bbfcda4a830f7df64a6321339a2e2d56df6a10cc25c6bc6ac04bf669fe8c4
4PWibmiCgyjEM19ai5En8gTnYQehXXyVRS2bDZoNMApuW6vcbx,4755970c260b937143db24479b48bc959f50ae0cbdf0c5d52a58488c80e50f73
3SNixsf8ngAGYEkoRzoHhnVLrtnDoYNakjWPxoHq2jhvyHYkpA,9761087cfcdf102f357bdb868bd0628749bea13591a8653d51043496b278ec73
2ySxZzocn41CPgnrEByppmg5vQzzeaNrmfERz3Aow2ZrGCpbuP,c87ce1a5a154a44db1ec46c7eab60320112eb5aa74e5effdff1c56069a0f6c19
2ySxZzocn41CPgnrEByppmg5vQzzeaNrmfERz3Aow2ZrGCpbuP,7a0c1de04f8f289cb7db387456d87f1fe9dcf62a618237fd52b0407d65275eda
3gvrwc2rWqXmjNf1kxD6N1FonmrdGprb6H8Juenud77LKuhGXP,4e97ed0acefa4307ba79049d92c388bd49cb3a146d88db54f11e926ec98e02e8
3gvrwc2rWqXmjNf1kxD6N1FonmrdGprb6H8Juenud77LKuhGXP,764e75bb07b56bce9cb5e148a98fde00ad5795739845bb34ac5f6472fc154f0d
2ySxZzocn41CPgnrEByppmg5vQzzeaNrmfERz3Aow2ZrGCpbuP,aab0bc38357761f1e4a78ae72f3ec04318156b12c87bb7cba133b67d76ac8019
3UJkuonqA41JDeZkpszSXR5y72kYoozetk2JQNcQKURELQ44eA,6174ba58f4edb5da0459ae71dd13021c45ef35ac94174003fc16846ec955423e
4pvdF7rK2kXE1J4Cqjecw9tMFxQWKa89tvAYWMjh5Xvy8HMr3x,455e0eeaa46e4996f2755ec8ef45a46d2734ac185def7873d9b83ec02a307132
4pvdF7rK2kXE1J4Cqjecw9tMFxQWKa89tvAYWMjh5Xvy8HMr3x,598161b97dcde87b6ddb70bf750570be437029681a6b1ab114b0352f8648ce35
4t8NjZTce7Vy9oViXc2USZAPHH81sjzvDCY28ijNCUxbML95JP,d02c9d709fbcc70e6769148fb8ba0b23a9d80e77617a613269e18f3d28399b87
4pvdF7rK2kXE1J4Cqjecw9tMFxQWKa89tvAYWMjh5Xvy8HMr3x,588266e568d7f917eb5e866eb74b4882edb1b4f207de69304a6d985625e2938a
4EwZUSUBKGDCCmHHoQj6VAajhSh6hPJXWMFZkd6D7MJNccv3W5,cfd7a6784353e9187db547541b04074ceee21793d58f24a4367e58cd7623bc63
4EwZUSUBKGDCCmHHoQj6VAajhSh6hPJXWMFZkd6D7MJNccv3W5,5d94a8f5b3406c1ce0981d0da90c53ded089f8db291e901223ed9919af84a6c7
4EwZUSUBKGDCCmHHoQj6VAajhSh6hPJXWMFZkd6D7MJNccv3W5,51602b054344ea6ddddf7b97b74733ec042d76f9130fd40c6ba3e6a4e7b31994
4PWibmiCgyjEM19ai5En8gTnYQehXXyVRS2bDZoNMApuW6vcbx,cea4e6975f7a3c5ce07513e9aefa6180d85233d84a1d6f1c533235abff570697
4EwZUSUBKGDCCmHHoQj6VAajhSh6hPJXWMFZkd6D7MJNccv3W5,15ed05ba87874041c1967d8b08a3c8ce3c52d4fbb8f4e43406c4575b945b82ef
4f9kC7mrCtk2ukK2qeMw8UwK3kuiy1cST8Kd6qkDa8W2MbBxqA,39d52a717cadc9e6cf952aabbf4b10490a76f6e8a4d37c15112dcde589c0ff73
4f9kC7mrCtk2ukK2qeMw8UwK3kuiy1cST8Kd6qkDa8W2MbBxqA,9fc9aa696fddc3a4c4fce498fd956b3f13557f63ab643ec2d8c0dde030c542e1
47wFJUihHzB3FCwpUowCdLD1p5wJnkrnqnA2vzzRyiM9dPmApa,9998d84599b84d7e4641584b210382a2f2e00a8cfa0cc624c104b8873c95cc98
4V12uuZskwdrnXf2tGButDoiE1JQLSTqjVGA2SCUpzfzLEtxnp,85a56f4b9e5c0bb0443375ace2541dddfa84311ddb23246b3de5f14859a71a0c
4V12uuZskwdrnXf2tGButDoiE1JQLSTqjVGA2SCUpzfzLEtxnp,5930ce2dd2de28f476faa20df8d339c845e65b6aa46efc987f908b20606321f1
39JBD2iaYEtmisouUAK5at6qrgxgSjntNwo5CkWjqtyjaHieTL,de7f7c0d6c9acb0145c96bf294332f5b657c8f643d229fc98144084d374a1f38
4j7Tn7MJ7kdtstqeqcRYyz96rdZaZLYGa1XTDAvVnRS9VRR8Bn,ef2e945dde4d1c526cbe843340234e4dd0ecc08c9a520ed98c4bba5323cd0dd9
3Pyaeu3fCJuXnD8e8Yero126QygqbV1KAyzRZhHX83WQGoscuo,5d147b5bfe0d7730ea49bf04eed9f6ed773c5fa49b9b12b86798d03429394979
4j7Tn7MJ7kdtstqeqcRYyz96rdZaZLYGa1XTDAvVnRS9VRR8Bn,664a4fd60891397bd36505a438d7a2abf14d6a017d7843353437d4a31bac0f50
4j7Tn7MJ7kdtstqeqcRYyz96rdZaZLYGa1XTDAvVnRS9VRR8Bn,b61c545a5e2b0466bc55b92dc9b8f27b3542ffe943fc0eac4c9abe36406f654b
2ySxZzocn41CPgnrEByppmg5vQzzeaNrmfERz3Aow2ZrGCpbuP,61de4c6268efdeb2626cad93b567716d64a8cd50fa2009703854b03a61fcb3fd
4j7Tn7MJ7kdtstqeqcRYyz96rdZaZLYGa1XTDAvVnRS9VRR8Bn,021de4bb417262acfbb467efccff5b997ba8214823c4ff2b0add2b12c49ed0a4
3PmV82tYVy1syGpZ5N9tci4PL6yLGk2ZGyviEFUyMAWYC4Johg,25f597035ae8ad8420839414df773ece100394329a9bbee286be4c9b24620a1e
4i6jKXtRcPEuKyYQPguos4EfZQbtLi9pEccvUKTPoQJehVJuhf,7ad1fa4bec233476fb7ba003ba5175a45b38fe3c02ca7caa5cc1477fa8dde45d
2ySxZzocn41CPgnrEByppmg5vQzzeaNrmfERz3Aow2ZrGCpbuP,473d809bf523ab01ffdb255ec1ddc436f7764e11d8a7cfcdedbc3612b521eee3
4PWibmiCgyjEM19ai5En8gTnYQehXXyVRS2bDZoNMApuW6vcbx,23c6a1e502f1b62909206fbfc1af326a127c51630f3368ae4ae358c61df6a59a
4PWibmiCgyjEM19ai5En8gTnYQehXXyVRS2bDZoNMApuW6vcbx,f3dadfdb8e5f6add14e9bb6d9ee8f68808dabea9924cae5c6ed83875a567f535
3eK8N1R6bdroxLomwffWBM6DRgTjC3xbS64nGUp4fAr3PFW7jU,0cd79cabceebd7a09b5794710195192f66c82d81a393ed06f92a22c5e30a0d9e
4PWibmiCgyjEM19ai5En8gTnYQehXXyVRS2bDZoNMApuW6vcbx,b5f279596124c1787c00a5b6f17b494da3552b52668b9805789c6e39c54deaa2
4PWibmiCgyjEM19ai5En8gTnYQehXXyVRS2bDZoNMApuW6vcbx,f73fbd42e375e9749f015a7a8c8759870a70cfbedf2aa692061ff06dc16b59f3
3eK8N1R6bdroxLomwffWBM6DRgTjC3xbS64nGUp4fAr3PFW7jU,ee4ac82e4ad4c67ddaa3a98131636ce6aae0a2356414cd18e3d81106361c6c26
3eK8N1R6bdroxLomwffWBM6DRgTjC3xbS64nGUp4fAr3PFW7jU,04115ef7284b9975a350d3f162b24814fbcc7df024c26b71c49dc7eb13b82cee
4DPbSyXnaBsHSm6z35RL79VfXi3qqNzZ9vCaaWpJLCmZ4UpMty,c45262a73bde38180ceae7c39bd4c4c5c76be6648b47652ae4a222b7ec42ba5e
4DPbSyXnaBsHSm6z35RL79VfXi3qqNzZ9vCaaWpJLCmZ4UpMty,d1e7254792d354a157dd38ce1674068c2118c66785d478ebc02d838cd8f5a5ab
4DPbSyXnaBsHSm6z35RL79VfXi3qqNzZ9vCaaWpJLCmZ4UpMty,a81c8db03c4efbce72f1bc9b48d99dc89544bbfced7a5c26a04f6c6120a5dd5b
2xT9pFPc1RobNyz2JkzyP3oDBQSa7ptigK2gyZuS323khocyLJ,8e62c9eb30cc54f4602f655df3f1967718e61ff4ef5885cad08c92033b42b0e9
3eK8N1R6bdroxLomwffWBM6DRgTjC3xbS64nGUp4fAr3PFW7jU,464eb0582b60d9068900a017ce61d47fb248ec9104a02e4b7475653342dc8397
3eK8N1R6bdroxLomwffWBM6DRgTjC3xbS64nGUp4fAr3PFW7jU,36183bcdd3ebe31e2ff67836c6d7dd83d7fc590392f94dfa00d17a120d2cb293
3eK8N1R6bdroxLomwffWBM6DRgTjC3xbS64nGUp4fAr3PFW7jU,c921a940cad92e25ac58c33475b1ae663e9f228092e68d8e7d0b36dd06152cba
3eK8N1R6bdroxLomwffWBM6DRgTjC3xbS64nGUp4fAr3PFW7jU,958acac15cee51d3128ea95d95b09be200e29f39846e98bee049485866960465
3eK8N1R6bdroxLomwffWBM6DRgTjC3xbS64nGUp4fAr3PFW7jU,2f344b26f25c2beb13afe4f9e4ff4b62a04aeba1c10b7395eac2345059ae445a
2xT9pFPc1RobNyz2JkzyP3oDBQSa7ptigK2gyZuS323khocyLJ,2558aa0a2aee122a269ce135fb8d3496544133e2854814060baeede8acaef9af
4kaWx31z14TxHoTwju9tZR2RBoAD1s2csHsoyz8d8Yew8WTr8m,1d5bb5c0a81457ee37846a84c5697130b039f2af2e7742b4f2f4ce2c73c507eb
3eK8N1R6bdroxLomwffWBM6DRgTjC3xbS64nGUp4fAr3PFW7jU,f9617e651001413d73552dd3728826b11e4c6a667572ff27ed04bd16fad21150
3eK8N1R6bdroxLomwffWBM6DRgTjC3xbS64nGUp4fAr3PFW7jU,c5aea35d9495b11b2def457927098ab16367cbc48ea35393d06d8ad35aaf26cc
3eK8N1R6bdroxLomwffWBM6DRgTjC3xbS64nGUp4fAr3PFW7jU,7a2a5dd64a73c32cf1170d1205907a278ce48bee6087f0cb254722c5071217fe
3M187PQACpybCzzZo3whSRdGbPxtgqHsVEQeHeesHeYwQPjWSK,42939841f8a34b7b9318a5361f36805aa9deddc0c6a5e1bf1901eadc1cd0f2fc
3M187PQACpybCzzZo3whSRdGbPxtgqHsVEQeHeesHeYwQPjWSK,a31c189710f75f297068acbdb36795349c299988339878326c21a477143e9c9b
2xT9pFPc1RobNyz2JkzyP3oDBQSa7ptigK2gyZuS323khocyLJ,01f6d5eac1d90b49462bf188ca16305d37aafbd514d92aa5c55ca23ae7a10455
3M187PQACpybCzzZo3whSRdGbPxtgqHsVEQeHeesHeYwQPjWSK,ea726a8df7153f9c31cd5ad92df4f1b8e08b7df899e643bad150c49b34453308
4sY2m6R4hu5V5mGLF4DUv51YoNfLM9LGXDwePu9ypvfqbeUzMx,fc23ee62e1b1b4712443292c84f5e777677475ccfd9904341f8eb99cf226bd62
4PWibmiCgyjEM19ai5En8gTnYQehXXyVRS2bDZoNMApuW6vcbx,700fe668835b9ed3f6211fd2d33eab57596df7e550ede371d83932950b888bb5
4pvdF7rK2kXE1J4Cqjecw9tMFxQWKa89tvAYWMjh5Xvy8HMr3x,64d5589d988b1cb2637160d59024d2bbbb1133bb40d58461cf0d11c0a130f516
4pvdF7rK2kXE1J4Cqjecw9tMFxQWKa89tvAYWMjh5Xvy8HMr3x,bbc1bac724f778cc3ca2c4f044b6ca06db87448949affcc86dd50e572fc0bf37
42BGfwd8RR3U3aTQkc1DnrK3CTypWjKcPBCvXVWz8JvAMaGg2t,0315daf5cf8ad65ed835ac33e9c814c6b2cc1f2563a5f181923179ec2ea9c1ea
42BGfwd8RR3U3aTQkc1DnrK3CTypWjKcPBCvXVWz8JvAMaGg2t,8619eac887c01dae95a8241496800b20a0cbe6925cea94b975bce3da9cea2b29
42BGfwd8RR3U3aTQkc1DnrK3CTypWjKcPBCvXVWz8JvAMaGg2t,afa729a40395ead7c20cf11547bd89410f9c608aaefbe707fc4beeb1d0eb8638
42BGfwd8RR3U3aTQkc1DnrK3CTypWjKcPBCvXVWz8JvAMaGg2t,775df0d8957c6886ac6348a985f96c699fd7098fecd6a3e208279855d8493097
42BGfwd8RR3U3aTQkc1DnrK3CTypWjKcPBCvXVWz8JvAMaGg2t,c43636cd89d6853e61e26b6dd8f5a83e81f09d253837347cfc306416a5b429e3
42BGfwd8RR3U3aTQkc1DnrK3CTypWjKcPBCvXVWz8JvAMaGg2t,f278faa2ff7e5a25b0218c2589dbc78f72a88c768eb52f39bc3aaf3ecd2d0cce
42BGfwd8RR3U3aTQkc1DnrK3CTypWjKcPBCvXVWz8JvAMaGg2t,bdcb692aed93fbb3bfb4eca69143f9357a7ab7c6bed86d4f58028acbcdd5dd3e
42BGfwd8RR3U3aTQkc1DnrK3CTypWjKcPBCvXVWz8JvAMaGg2t,0b031d5da75c33a1824f29ce95d0c277936572fd1c50d13ab3499daf89c2b6b2
42BGfwd8RR3U3aTQkc1DnrK3CTypWjKcPBCvXVWz8JvAMaGg2t,4ae83bca14f12cb98df0e261f27334c74e9cc93496957273b272772dcebe7f81
42BGfwd8RR3U3aTQkc1DnrK3CTypWjKcPBCvXVWz8JvAMaGg2t,c7da1d6afdbf156af388a100368241500bb37f24d4044df5c61ea289f3289625
42BGfwd8RR3U3aTQkc1DnrK3CTypWjKcPBCvXVWz8JvAMaGg2t,63d26ab1fa3c4abb3b0966b8f4bdc80a9bcc8bb41ab48b288d6a942d8c26b3b1
42BGfwd8RR3U3aTQkc1DnrK3CTypWjKcPBCvXVWz8JvAMaGg2t,b32ca60f047e8008d38d8da70163c55ad72164f26575bb859e41aed773702722
42BGfwd8RR3U3aTQkc1DnrK3CTypWjKcPBCvXVWz8JvAMaGg2t,152e0c8d8984a246c4c7a4f3d4e4b21e78cd869001fbf31c6ca3763cc718aea8
42BGfwd8RR3U3aTQkc1DnrK3CTypWjKcPBCvXVWz8JvAMaGg2t,291a6a464d29a1354c3dd6ffcdb2cf9f4bcbadbfcc12bf1c86b445131135a618
42BGfwd8RR3U3aTQkc1DnrK3CTypWjKcPBCvXVWz8JvAMaGg2t,b6f0b48cbc61882c1065368e31df83c730238dbb5eb0b95173da652f8363b462
42BGfwd8RR3U3aTQkc1DnrK3CTypWjKcPBCvXVWz8JvAMaGg2t,ee803a09cd5d0227850c26378ec66742fb22c33cdc78d1231f1b758c0aa50c00
42BGfwd8RR3U3aTQkc1DnrK3CTypWjKcPBCvXVWz8JvAMaGg2t,97c45ac40c1fd8e41e3c0225fc66a9616300b0531b3232772143e7a85c41fb20
42BGfwd8RR3U3aTQkc1DnrK3CTypWjKcPBCvXVWz8JvAMaGg2t,6a1a862ef67eb8acdd7f89ffb10f04e31be9eeb7c8ca67170e8418fb29e72171
42BGfwd8RR3U3aTQkc1DnrK3CTypWjKcPBCvXVWz8JvAMaGg2t,e69b92a1d5482033439e8218e01b51617444077973bffd6bbf103867e0b67c05
3eK8N1R6bdroxLomwffWBM6DRgTjC3xbS64nGUp4fAr3PFW7jU,c7962e0ebe026dfe8cbf552d97b44ed49caba8702ece3d060143846cc5673908
3t3Lg6X5qcikv4wZwjKPVHFpKmKVzoqSSjVdeHiVuiGxsQU1q3,c7f3d4cc5ffaf30721ab4876f8d86a77dfd75e504e9333d3f78aded8c8f7d4f6
3t3Lg6X5qcikv4wZwjKPVHFpKmKVzoqSSjVdeHiVuiGxsQU1q3,ce53772ae7d145dbc99fa1ddda1df54d584a261673bbc8136446ed74376af781
3t3Lg6X5qcikv4wZwjKPVHFpKmKVzoqSSjVdeHiVuiGxsQU1q3,65fe076e4c19989c3efc8feae9f5246455a5ed125d8f256d7ce82867c2788f46
42BGfwd8RR3U3aTQkc1DnrK3CTypWjKcPBCvXVWz8JvAMaGg2t,d230acce042ef1763672ed10e368771d597d3803cb20021f1d87388e938ab873
3eK8N1R6bdroxLomwffWBM6DRgTjC3xbS64nGUp4fAr3PFW7jU,017b3e82b36fd4f751c6f57f4ebc24e58bf2c9602de747c57174fc1d0b880ced
3eK8N1R6bdroxLomwffWBM6DRgTjC3xbS64nGUp4fAr3PFW7jU,a3a39f6b5116401ddfd8c2e0ae44a00063e2d85931f2b7733a8f34d9de0c7c70
3eK8N1R6bdroxLomwffWBM6DRgTjC3xbS64nGUp4fAr3PFW7jU,37dcaa0d0c5052cba55e577ec91840557bf830ca0a0e1c8c79c976fdb77f3175
3eK8N1R6bdroxLomwffWBM6DRgTjC3xbS64nGUp4fAr3PFW7jU,d884d99cec9d03c161c212586499353a7ead3a6f759d3f9ddb7423c0530061c1
3eK8N1R6bdroxLomwffWBM6DRgTjC3xbS64nGUp4fAr3PFW7jU,ba58b3ede7f54e822f4c5354187f637c7c20ede7189eeb45e0d77afffbc7e09f
4EwZUSUBKGDCCmHHoQj6VAajhSh6hPJXWMFZkd6D7MJNccv3W5,65d6b2384fe7ddd352d8169642682f10f6b5408d2ad52dd8bab2bffe53654b1c
42BGfwd8RR3U3aTQkc1DnrK3CTypWjKcPBCvXVWz8JvAMaGg2t,d9ecae85df6e432cb2846bd5b59fc95baa1c1b723c0df93a5e2866a240546a4d
42BGfwd8RR3U3aTQkc1DnrK3CTypWjKcPBCvXVWz8JvAMaGg2t,4511573b0c31ec27b3d4324fa4c1a0bfc174cade7864caa134142f80fb4ebab0
42BGfwd8RR3U3aTQkc1DnrK3CTypWjKcPBCvXVWz8JvAMaGg2t,9d60ccb152849dc09a30f6139a4bc69a256d8e8b8ad71170248e7fe573ec79ae
3t3Lg6X5qcikv4wZwjKPVHFpKmKVzoqSSjVdeHiVuiGxsQU1q3,cff7f2b2218a176fc4191e8742f17a7fa269531166b652f26fac23fb330afd52
3t3Lg6X5qcikv4wZwjKPVHFpKmKVzoqSSjVdeHiVuiGxsQU1q3,d2ef5abf8badae9817ce7feac2f5166d1607ca0b5daf46c3a547ba182ea51586
3t3Lg6X5qcikv4wZwjKPVHFpKmKVzoqSSjVdeHiVuiGxsQU1q3,a086c338314d4ef4312eb13ec8e0a2bf545c5664bde164576a26f75a3ea5b0b7
3t3Lg6X5qcikv4wZwjKPVHFpKmKVzoqSSjVdeHiVuiGxsQU1q3,b1119cdbe54972e5d9a746658c0a06ea8ae29957bb0faa4efc687c7b9f7ef171
3qSaps1jjJvJZXTHqGwEf1BzvFmUuzVxnthxVpcipqatQ66onb,263bdcb57aed8e81de47d3b265b7828b1b3c199dac1a6368eb7180d4cc9680be
3qSaps1jjJvJZXTHqGwEf1BzvFmUuzVxnthxVpcipqatQ66onb,cc8db39ff1b43aecd58f99caf4a5656bcde994fb2de247870d8fff06817985f6
3qSaps1jjJvJZXTHqGwEf1BzvFmUuzVxnthxVpcipqatQ66onb,b88cac9cfa539f1e4eb5ed35f26adbf0cd6014c0fad5bac5d3ad4fa6973add1d
3qSaps1jjJvJZXTHqGwEf1BzvFmUuzVxnthxVpcipqatQ66onb,59feee8282535483aeb63f5b4c6e4e269234f365b979c9019a354c4b3edcc142
3qSaps1jjJvJZXTHqGwEf1BzvFmUuzVxnthxVpcipqatQ66onb,9ac1bd198c2eeff7747fdc9ebc94bd59ca7a82badde3a0896f24ac2937bf51cd
3qSaps1jjJvJZXTHqGwEf1BzvFmUuzVxnthxVpcipqatQ66onb,27f166436e6b9518c099fb7a45f9f5cefe84ed9fb045f14c885b7f6495a28c89
42BGfwd8RR3U3aTQkc1DnrK3CTypWjKcPBCvXVWz8JvAMaGg2t,af9e09c923ae547dfbc352dfe91ea8ff017d598834ff028d1033103c0bb3db8e
49HsifoFPMGtsYiAQW2RppQcnQsLm8hVeksaA8XBCPg8ttaTCa,485a5823268c5b8649d8469e44c8a8d4781dae152c1d00dd1661511753d5c43e
2ySxZzocn41CPgnrEByppmg5vQzzeaNrmfERz3Aow2ZrGCpbuP,92dbe063f3207280701b175797179caeb273806e1942defae95e8af7ea9b2f7d
2ySxZzocn41CPgnrEByppmg5vQzzeaNrmfERz3Aow2ZrGCpbuP,1f062f71b09aa283811d9c87945c72d12b2c7aec865be23c620afb1ae9eeca91
2ySxZzocn41CPgnrEByppmg5vQzzeaNrmfERz3Aow2ZrGCpbuP,2b468c49bd28a7fce728f39f69ba66c0cfa9b1c6afdfb3502cfdb130ab9b4d1c
2ySxZzocn41CPgnrEByppmg5vQzzeaNrmfERz3Aow2ZrGCpbuP,b9a235d8c308c5295c58c738455476787b6f481437cfe89dfd33c5e91c4c0922
2ySxZzocn41CPgnrEByppmg5vQzzeaNrmfERz3Aow2ZrGCpbuP,302d38838f8e5636acdab28e02624da9546d2a3b23159fce28de57f1765350db
2ySxZzocn41CPgnrEByppmg5vQzzeaNrmfERz3Aow2ZrGCpbuP,da02761ab66c99209f8868637bb90a2e6277307e902be3a4880c2cd2bcb42cb4
2ySxZzocn41CPgnrEByppmg5vQzzeaNrmfERz3Aow2ZrGCpbuP,78f72bea79db9dd90bd46e6c4dd3fc673e63c31708d4322d99d52ba3a6fc8f3e
2ySxZzocn41CPgnrEByppmg5vQzzeaNrmfERz3Aow2ZrGCpbuP,a7173980656469067ef6ca23c8d02e3ac52d92756132c6f80ef9c174774c580b
3eK8N1R6bdroxLomwffWBM6DRgTjC3xbS64nGUp4fAr3PFW7jU,c987f5bfbcbf9c8ae81ebccaeff3282ef72c37289b503c99800b108d4314b26a
3eK8N1R6bdroxLomwffWBM6DRgTjC3xbS64nGUp4fAr3PFW7jU,32246b3f7e312b86d1e81864b8171c405359a1e14cc1fe722aff552f19871b81
3eK8N1R6bdroxLomwffWBM6DRgTjC3xbS64nGUp4fAr3PFW7jU,acc0ae56f3d3fb6027cdb464dcdea36d7d9807dee2c1652e35f3cf9763e085ce
3eK8N1R6bdroxLomwffWBM6DRgTjC3xbS64nGUp4fAr3PFW7jU,dc8c7ad813c65d826197ba3aee809cd927f3dcfaf80947c287753ab9b8f9d664
3eK8N1R6bdroxLomwffWBM6DRgTjC3xbS64nGUp4fAr3PFW7jU,efd7b0a01bff454051eceee3ea4ad6b0e7972dfaf32187a7679bc883be13d64e
49HsifoFPMGtsYiAQW2RppQcnQsLm8hVeksaA8XBCPg8ttaTCa,13e53da58c8416651ab2f5b9773b6982dac6c2a0eed65369d6cb22db23e53254
3eK8N1R6bdroxLomwffWBM6DRgTjC3xbS64nGUp4fAr3PFW7jU,d708d4f1afd7b03cd4bf15d310299ce441f07248a1cb0996ba4f870fb7d9354f
3eK8N1R6bdroxLomwffWBM6DRgTjC3xbS64nGUp4fAr3PFW7jU,5a8041ec66163c42203a8630db556fe973c8ebffc7f7af3586ad216bd144d356
3syvqLZTHEsKKpfNSvx96fUFXsWXb6MdScXqx34X2B9Yr6f2dN,59e04a7c8217d38bea4350eba274344c0b042948ec9e4809ba4ebd53291fc97c
3syvqLZTHEsKKpfNSvx96fUFXsWXb6MdScXqx34X2B9Yr6f2dN,1f87dff877b1f1bdfb6f7290eeca0d7588e57680b937c963204d53cc8cdd8a67
4XWXE14GZ4A8BZc1syr7Jn1i8WXC175Dk2M6Zg93GMt4ts3dE8,267baee2e5acc22ba49d56b65a68f1f2056549692f393a2bddd3ed7e45247c39
42BGfwd8RR3U3aTQkc1DnrK3CTypWjKcPBCvXVWz8JvAMaGg2t,074184d42ed9253b2c3a9321a76cc1d7867d2c10b76a080c61442dbadf687c74
42BGfwd8RR3U3aTQkc1DnrK3CTypWjKcPBCvXVWz8JvAMaGg2t,06105839c6b005d756cd41afad825a8a357132bb2d903c61b56065bf4f3aae85
42BGfwd8RR3U3aTQkc1DnrK3CTypWjKcPBCvXVWz8JvAMaGg2t,10eedf879a6e644ae83e92934f507b8c2a155814cc005e21a05164f93fcab85f
42BGfwd8RR3U3aTQkc1DnrK3CTypWjKcPBCvXVWz8JvAMaGg2t,5c3495fdfd7035b87e110c0aa73a9e59441f015c4ada689f518e1e2c1de0015e
42BGfwd8RR3U3aTQkc1DnrK3CTypWjKcPBCvXVWz8JvAMaGg2t,12b2eb8e1cc12502e1f4b9809efd0224ce5d51f045c522ed7ac27366028ad166
31wLugHHWrR2rMRdyPKm1gFUYZ85B1hMBkXzFYPbR1MPFfCjKp,d282e36bd235e69f5eaa330875bb1ce5ebef81fe472204e2fce0d3d101cf3b24
44LPrqVVbM4dxUQwgJVha5sxHdtBZK8inoViqR3dQjfBRVYktW,8c7b410ff829adae1df7c67b4d04472313718d7ec917e064d32768f0e8bece93
42BGfwd8RR3U3aTQkc1DnrK3CTypWjKcPBCvXVWz8JvAMaGg2t,a01ce0c85c5328c4c202d8c8e90bea02314c042bf4c00ebee945c3823a60d05a
42BGfwd8RR3U3aTQkc1DnrK3CTypWjKcPBCvXVWz8JvAMaGg2t,668568da09302886684ea8fc2201d4c4cbfc68f0914b3861554bfb714ddc7627
3PwzHWhgtNUwxSA1tA8v9rEfGy2WgwAi7RMTjWTXqfg7MGWP2U,8eedd77f6cc01bc788f4630dd399da018dd00a585a31d94fd6a72aab03638ede
4V12uuZskwdrnXf2tGButDoiE1JQLSTqjVGA2SCUpzfzLEtxnp,dce66d8b3a5355bd2f78f2291173a58301bf5a60686830c72756673a666a82c0
4j7Tn7MJ7kdtstqeqcRYyz96rdZaZLYGa1XTDAvVnRS9VRR8Bn,1851a9fbeaf4885d7624ebf94e773cfc4352be9a52ebda621841e23e40f1a27e
4EwZUSUBKGDCCmHHoQj6VAajhSh6hPJXWMFZkd6D7MJNccv3W5,1ac399856b9b440744d9e4a9ca9ac51f78d51dee7766582bd2f28a8f61834598
45twiiwiN2unmeCCbzQPfEYif8kPbsA2NRCkNek4w1ZVWTkvfC,184bbd7edf81058667eaff3c4d27dbaefc0c98b6b1e7b5bad1146429dbe11088
3M187PQACpybCzzZo3whSRdGbPxtgqHsVEQeHeesHeYwQPjWSK,aeccd2c469fd9b59fdf7006cab88d0e78852b77dc96c4503e061f074440ec743
3GvaEkFWxbowEC1tQ86bfU4Ucyddy5Zot6BqfpAPRyRHjhNsJf,2022d5fd5b7cb57524db1e69a61778d25b3ed8534643a449ee02c7628bf88c4f
49HsifoFPMGtsYiAQW2RppQcnQsLm8hVeksaA8XBCPg8ttaTCa,248423282e0fe6a7d2d2568bb2d47e26e715896181af2219794f0a532265de7f
3G5gfWTN6F65g5EKyLhzj4fUDGS9Hoe1a2YzZGahBBBKkTMNty,cefda9e522e1b3d2e03559d11021cd3bae283062370e080b15b1edb11fb71896
4GeKVNLgZEEeTQAsQtX3M8G9H6MZmKLFpV9dt3SYLEjMhQyLcW,b681180b961afb0b4e2fd8f6060ec34e993c11171b3e335875bc776d68ba7d03
45twiiwiN2unmeCCbzQPfEYif8kPbsA2NRCkNek4w1ZVWTkvfC,63be910d12a8fcd0d1e2fc38d42b2b93da3230306956e780d06a2d8675bb57b7
3BtQiJ1sNad8cp5JLdBrjuRYkoX6A8fanzHpoSshKEX6ghAWwi,7593088a2bf0d3e5fcb82199728e80feeb4df04917f9ff531a42f31101898124
3ckBbUdRCd8Auz7u1dNQbAFAp5VE1ra96qEzW5BBboJDxiFEiq,fe6c9e745977cf06fcdadbe9b055cb89932f2ea606ef0c5857ba26c316f865ed
3UJkuonqA41JDeZkpszSXR5y72kYoozetk2JQNcQKURELQ44eA,475eb496dcac7c881b7c31b376cb940ac11d4d5a251f002c7489a7dc643f2e06
3VmSoMaTspiVzX7XhTgKuB4KGrcASKD6yq5za9u7d7fp88V2Ke,d8e27d7abc738625c8109233750adcafa5ebfb34cc87422bff854bbc5482148c
3HjjRG6bXC1kpoZhUcmQvUMN5c5t7mY3FL6RF1d9TQxouF1Jk4,99a889d0c910a6dc5896dcf2ffe1d866e02c6217c420f43985b5dd636a870bc9
3HjjRG6bXC1kpoZhUcmQvUMN5c5t7mY3FL6RF1d9TQxouF1Jk4,804c296b9e559fa814796d09bdee86799adb0f810a5a4bd47910d1da3c046e3d
3YfqHnKPKcz2MVDCJ8gMXcsKegnupfF6nZoQVRoW836sCqyHPY,9279a5afa2cb2ea9a04e99c05a721ae37151a4f3fd53a37c5370891ba9cc85f9
42BGfwd8RR3U3aTQkc1DnrK3CTypWjKcPBCvXVWz8JvAMaGg2t,de2afef11434fdbbc6423405a11449649d89c54d71337edcd8de376b82757a9a
42BGfwd8RR3U3aTQkc1DnrK3CTypWjKcPBCvXVWz8JvAMaGg2t,6f282c1192c34efbeb4bab3515e23d664b36798c8231cb0a99b6fca143e35f8a
42BGfwd8RR3U3aTQkc1DnrK3CTypWjKcPBCvXVWz8JvAMaGg2t,76ae77f6acbaed3450953efdf353f95abe897d9358fa0e0ad17228d74b47dd7a
3mQJ5AmBrd8tEmoHimahhCWqQZxQrKwNNtBygbbtGk3uDNk8YD,6a5b07b817d1b8992e4cf9f3b8e5961032b3ec822aa38ec0f93f007c07aaf2f5
3mQJ5AmBrd8tEmoHimahhCWqQZxQrKwNNtBygbbtGk3uDNk8YD,3d39e13d8e339f5063c8a3bf92678d09460137e5386ba279fe34245d0260bea2
3GvaEkFWxbowEC1tQ86bfU4Ucyddy5Zot6BqfpAPRyRHjhNsJf,3ea306b3bbffd684aea51f1c4e1d1cd93ba715176022058d60c41fa7c1b58c15
34gYbScKSv7pRjoDnnYTEkNL1JSbNMBQUXBjJUDeTnyHrBLMbH,a1f8403a79438dffbb1c7edbf5114340cc5f5b9813dc9fd16fc8caaf623a202d
3GvaEkFWxbowEC1tQ86bfU4Ucyddy5Zot6BqfpAPRyRHjhNsJf,1b959641684aec3ac5e28c0df65bbb37f8df66ee5305696740318b72a0fe8277
3BtQiJ1sNad8cp5JLdBrjuRYkoX6A8fanzHpoSshKEX6ghAWwi,514cd1f6f601fdb894884e3ceeeaca10ad9c6822542c74accd63238350c61847
42BGfwd8RR3U3aTQkc1DnrK3CTypWjKcPBCvXVWz8JvAMaGg2t,2e2411e193bbf817d1cb696366129fcc9f73d58e260a87d40d0c82c882895c18
42BGfwd8RR3U3aTQkc1DnrK3CTypWjKcPBCvXVWz8JvAMaGg2t,0474eb43d3729d4e98fb710e414fb856f379ba3c4a4b65b03b6f8f24543f4ae7
42BGfwd8RR3U3aTQkc1DnrK3CTypWjKcPBCvXVWz8JvAMaGg2t,e58a598aa59d4b8ade329a25a19037bc05ebbdf081a9223211be4b727810c7cc
3mQJ5AmBrd8tEmoHimahhCWqQZxQrKwNNtBygbbtGk3uDNk8YD,b9bddc32c913bb4267fcccb5dcab90f67227ed3f153ab760535afb0197227b89
3mQJ5AmBrd8tEmoHimahhCWqQZxQrKwNNtBygbbtGk3uDNk8YD,e6dfac1f5f1b1f1222fe814882e1abb5578ed3d731373b07d6223f47b384fac2
2xT9pFPc1RobNyz2JkzyP3oDBQSa7ptigK2gyZuS323khocyLJ,a68efdf8b41ba030055c2a27a7f9457e0b0e9f015d5d34faecac724b172e3c42
42BGfwd8RR3U3aTQkc1DnrK3CTypWjKcPBCvXVWz8JvAMaGg2t,e2a270837013d1cfa2fd2bc84f8446bcf3f620e8b729269ca9e049f7ae238706
4axo1diiNuVgFYcDRYH8u27XQTCB5aTF6asrojqFf5J8DLrDmL,c664a5e80a1be1efdd2c9d1f8101d19586f2e259950bccceb2121896fe5c86a6
42BGfwd8RR3U3aTQkc1DnrK3CTypWjKcPBCvXVWz8JvAMaGg2t,931ca9e15bca036e3296bd2735e54c02c6f88277eb5e7488bfe96eab9363d48f
42BGfwd8RR3U3aTQkc1DnrK3CTypWjKcPBCvXVWz8JvAMaGg2t,c8b2a53e8bf87bab956ea5adab04a022fb9c67ce0bc1d8b2654b544833b6bc49
4S6c2sjXFnacy7T3cV5F829dzKtfJUFM5qn4qDmsUvyRLopeWp,5ecb8f1739cc12c1c503e7c963ad24515b623f414878c16f824ad144c58ec7c0
4PWibmiCgyjEM19ai5En8gTnYQehXXyVRS2bDZoNMApuW6vcbx,39983295d05a86d4440dd1761d1822684d730ef992f325128680411fc641af75
3BtQiJ1sNad8cp5JLdBrjuRYkoX6A8fanzHpoSshKEX6ghAWwi,714d79f9737ff6a6c6cdc9e1f948681484bb2a4e91b4c8eca33c7c70150f3f14
4qcu9wTHB4kWFx9dNf6gkBXK1wYYTNHyCo1Er3xHMnV3FbUpdc,ae07304976d7d992bdadb43f9b4b4a6fee882663b28f049e94ad5d819e3dd1a8
42BGfwd8RR3U3aTQkc1DnrK3CTypWjKcPBCvXVWz8JvAMaGg2t,caa85369dbf672d5803e3c0ad26324b1de8a6052a595b517e19159a826c31099
42BGfwd8RR3U3aTQkc1DnrK3CTypWjKcPBCvXVWz8JvAMaGg2t,2cdd29c34f6722899b829c108c00daefd683e5706c9953108f9f9334d892cb04
42BGfwd8RR3U3aTQkc1DnrK3CTypWjKcPBCvXVWz8JvAMaGg2t,b3d09cb326a03335062e8977a467d93f762097133542f8b5874db55dd3049062
42BGfwd8RR3U3aTQkc1DnrK3CTypWjKcPBCvXVWz8JvAMaGg2t,45ad983b1b9080f28a0e30ed7beb072aa794f3e48735ab2b4fefb525423db7e6
42BGfwd8RR3U3aTQkc1DnrK3CTypWjKcPBCvXVWz8JvAMaGg2t,9c8028eb64f3b9a7c4835513a024d10d1c88ebf75c571ac3b803a09611b9dd55
42BGfwd8RR3U3aTQkc1DnrK3CTypWjKcPBCvXVWz8JvAMaGg2t,4cea40eb3bedec5cb5b5ca1bc8a6b8e75f53cc4b15361065bb07e52b0c34d235
42BGfwd8RR3U3aTQkc1DnrK3CTypWjKcPBCvXVWz8JvAMaGg2t,d78ca606d3ac660f88f840c70392a364b82743dcd3f90e525e88f196be8eb926
4PWibmiCgyjEM19ai5En8gTnYQehXXyVRS2bDZoNMApuW6vcbx,e73f5f21dad43edcd4f4aedc76e7bcb03cf6627f6b3f76624cbb178bfeccbe62
42BGfwd8RR3U3aTQkc1DnrK3CTypWjKcPBCvXVWz8JvAMaGg2t,3bdfd3808831a242f93a07c5b9e3cc1fa2bebe9068eba4f5f5edf270609edf4a
42BGfwd8RR3U3aTQkc1DnrK3CTypWjKcPBCvXVWz8JvAMaGg2t,c512a61836788a8b05249d7c4e5f791475731254724cfdf612eda82021fc0b65
3Ph3sDDMXSt6dPbTpZq7Bgkz7dvNAqVjut8nhVehTs6nqVK9Jt,d157f12a835d3fc8b98de0173597856ff4f00025737cd4ffd53ea8112767c617
4J1AYzBgyiqikySHjEq5Gy1kUTFR6aXNJvNbq1RabdGnpf2sUX,71b4f863312b7c7bb45865ca119fd7c2d3e7df46423169067ef8fcc05eafa88d
42BGfwd8RR3U3aTQkc1DnrK3CTypWjKcPBCvXVWz8JvAMaGg2t,d06e70542d592e86a8384c300ec23b2e4a7425ba553af4f71c2ac3b03b301e56
3gvrwc2rWqXmjNf1kxD6N1FonmrdGprb6H8Juenud77LKuhGXP,61a665141b3edc30447ec6a667d4cc8679180ac09facd0c5ae85d818cca47a11
3gvrwc2rWqXmjNf1kxD6N1FonmrdGprb6H8Juenud77LKuhGXP,69773758e59ac3b388994d9cc4c8c1850d511cb200dbba4ec0f569b2e8557ae5
3gvrwc2rWqXmjNf1kxD6N1FonmrdGprb6H8Juenud77LKuhGXP,d82b037331331ba5774697e145afb3d4c8fd054573cfac193d7f283bcaac85a8
3gvrwc2rWqXmjNf1kxD6N1FonmrdGprb6H8Juenud77LKuhGXP,65d25f80ae256178df0fb7c95d94e82befb49b79c6aec2a1606ac8ae95427412
3gvrwc2rWqXmjNf1kxD6N1FonmrdGprb6H8Juenud77LKuhGXP,45b70cffcdad41e14472af675be2a6ffd65c44abee7cd2de587d30a9ad019641
3gvrwc2rWqXmjNf1kxD6N1FonmrdGprb6H8Juenud77LKuhGXP,827534929fa1eb78d6984c808a670cef0446c6c3cfbf0e205d9ca0047e9485a7
3gvrwc2rWqXmjNf1kxD6N1FonmrdGprb6H8Juenud77LKuhGXP,c58b245aebd2c4036a9759945922e2c0488e001f8bb04af8033208af0b58983a
3gvrwc2rWqXmjNf1kxD6N1FonmrdGprb6H8Juenud77LKuhGXP,266ffb5b99727384e60e9485152e39fa1dd4ce9e6f54054b7920b07c17ccbc9c
3gvrwc2rWqXmjNf1kxD6N1FonmrdGprb6H8Juenud77LKuhGXP,1dea95bbd0dc55026ca848738ed02c4d26f432557a3eb02aa7659b7820ed196b
3FeWPYtctoGbh3e9mYuux7tPV5bKorBL6ZkXT8qaqSXvJjJRcu,35ecd004b983d5c202f68c407a65575424d8a2899e53e5ecd9b443492a337fbf
3FeWPYtctoGbh3e9mYuux7tPV5bKorBL6ZkXT8qaqSXvJjJRcu,7e38b19630dfd0cd8aa08414a42726802b7638b2a928abbfbe92d651fa623fb6
3FeWPYtctoGbh3e9mYuux7tPV5bKorBL6ZkXT8qaqSXvJjJRcu,b5ff65bceacba9fdde3fd2e081a092840f7a20360462d37d530bb1590f2e2a22
3f4u6WHsLVCFfoEJagtSWBk2NaZWxQ6j8WjrUnH5ibLSQ8gXMw,f408ddf342de21e1e425d08b37bc61b721d9ddd22f3ae14ca94d3a4846485a77
3xKroj82y4BA1vSG7FHMLvEEdnp8GPWT8EVtSpE5BAgbX5FPsn,c2bc091600675d8b1c85ea0b6af0a19719c2fea0a1472b08fc51d5c8fb43a013
4HiKNoA7EA8uqZrYghDkUHHKZavLoEje24u3SFiLW7nJvrAgYu,e78cc01d94049075a7639b33c1f5050af1698060613f1def332f90d948bd9e18
4HiKNoA7EA8uqZrYghDkUHHKZavLoEje24u3SFiLW7nJvrAgYu,6f46d1dc7b2c676c2aeacb6e5823445d297d95891e98b348530466504ec74b76
3BtQiJ1sNad8cp5JLdBrjuRYkoX6A8fanzHpoSshKEX6ghAWwi,995085a83185f751cfcf91e3be424e6070f6eee8ec68389d546ba8641d317f61
3KnkhSw75pfXt6Fduuh8WZuhuhYjqAQqCrvbvaXhgU4Ep6egZ8,e71c07aebe6008ad46ae752c00f566fd80a2fabc81f4423e5869ef0ae9c6b1de
3KnkhSw75pfXt6Fduuh8WZuhuhYjqAQqCrvbvaXhgU4Ep6egZ8,9d66b2f042c5da464e1212c4f7fc6b477d58145318e1713b14d0e091c5e4fca0
3KnkhSw75pfXt6Fduuh8WZuhuhYjqAQqCrvbvaXhgU4Ep6egZ8,3f2723b7d25bf12ed40e232d541a808e7433a7f8c6c39587bf42d87020324d2f
4PWibmiCgyjEM19ai5En8gTnYQehXXyVRS2bDZoNMApuW6vcbx,0030951ac4c824080793bb5aac2694a537cf86c664ada863b6b2de4238ffcc57
3wrs11pEg5SRnCETdJG89b2mEvmsNfUaP5txeYbRo9q3Ji7mjf,6665a723c88cdfd54f4b69d50c85de8c8f9caef49984d0a4a612e963c6ce94e7
3aRcnzEzrTWYpHFYEg82DpBEMJRQ7MiSPqNcWua5rm4Y9U1U7B,a0ff9ec27adc4a58f9cee5654f6d2ab507ed3846c9fc8f7e059c93b1fa7e7092
42BGfwd8RR3U3aTQkc1DnrK3CTypWjKcPBCvXVWz8JvAMaGg2t,21470f7d1d00172c2189076c5748e76092fac1d6d203e8d3a721e321fcc3b753
42BGfwd8RR3U3aTQkc1DnrK3CTypWjKcPBCvXVWz8JvAMaGg2t,e033d3893cfabd51567e68a60f13fe433ebff9fdba81e5cd20f7b9d0ec833b80
2xT9pFPc1RobNyz2JkzyP3oDBQSa7ptigK2gyZuS323khocyLJ,f0439f9a27785b3b05a8177bcf37b4682d5e3ae13c7f53a853b628ae1b20e537
42BGfwd8RR3U3aTQkc1DnrK3CTypWjKcPBCvXVWz8JvAMaGg2t,8ef3587a6e9b700520a2a7a38f7f433b4e180e92bb71717cdd9f92fde803ff74